"file","page_type","bucket","current_indexation_risk","recommended_action","reason"
"about-us.html","core service page","A","Low","Keep indexable now","Core conversion or discovery page with clear statewide business relevance."
"alachua-county-commercial-properties.html","county commercial page","D","High","Consolidate into parent page","Local commercial pages are secondary, thin, and better consolidated into the main commercial hub until deeper market-specific proof exists."
"alachua-county-divorce.html","county + situation page","D","High","Consolidate into parent page","Low-support county-situation page is too templated to justify standalone indexing outside priority markets."
"alachua-county-foreclosure.html","county + situation page","D","High","Consolidate into parent page","Low-support county-situation page is too templated to justify standalone indexing outside priority markets."
"alachua-county-inherited-property.html","county + situation page","D","High","Consolidate into parent page","Low-support county-situation page is too templated to justify standalone indexing outside priority markets."
"alachua-county-probate.html","county + situation page","D","High","Consolidate into parent page","Low-support county-situation page is too templated to justify standalone indexing outside priority markets."
"alachua-county-rental.html","county + situation page","D","High","Consolidate into parent page","Low-support county-situation page is too templated to justify standalone indexing outside priority markets."
"alachua-county-repairs.html","county + situation page","D","High","Consolidate into parent page","Low-support county-situation page is too templated to justify standalone indexing outside priority markets."
"alachua-county-urgent-sale.html","county + situation page","D","High","Consolidate into parent page","Low-support county-situation page is too templated to justify standalone indexing outside priority markets."
"alachua-county-vacant-home.html","county + situation page","D","High","Consolidate into parent page","Low-support county-situation page is too templated to justify standalone indexing outside priority markets."
"alachua-county.html","county page","A","Medium","Keep indexable now","County hub page is the strongest scalable local asset and can absorb weaker county-situation intent."
"baker-county-commercial-properties.html","county commercial page","D","High","Consolidate into parent page","Local commercial pages are secondary, thin, and better consolidated into the main commercial hub until deeper market-specific proof exists."
"baker-county-divorce.html","county + situation page","D","High","Consolidate into parent page","Low-support county-situation page is too templated to justify standalone indexing outside priority markets."
"baker-county-foreclosure.html","county + situation page","D","High","Consolidate into parent page","Low-support county-situation page is too templated to justify standalone indexing outside priority markets."
"baker-county-inherited-property.html","county + situation page","D","High","Consolidate into parent page","Low-support county-situation page is too templated to justify standalone indexing outside priority markets."
"baker-county-probate.html","county + situation page","D","High","Consolidate into parent page","Low-support county-situation page is too templated to justify standalone indexing outside priority markets."
"baker-county-rental.html","county + situation page","D","High","Consolidate into parent page","Low-support county-situation page is too templated to justify standalone indexing outside priority markets."
"baker-county-repairs.html","county + situation page","D","High","Consolidate into parent page","Low-support county-situation page is too templated to justify standalone indexing outside priority markets."
"baker-county-urgent-sale.html","county + situation page","D","High","Consolidate into parent page","Low-support county-situation page is too templated to justify standalone indexing outside priority markets."
"baker-county-vacant-home.html","county + situation page","D","High","Consolidate into parent page","Low-support county-situation page is too templated to justify standalone indexing outside priority markets."
"baker-county.html","county page","A","Medium","Keep indexable now","County hub page is the strongest scalable local asset and can absorb weaker county-situation intent."
"bay-county-commercial-properties.html","county commercial page","D","High","Consolidate into parent page","Local commercial pages are secondary, thin, and better consolidated into the main commercial hub until deeper market-specific proof exists."
"bay-county-divorce.html","county + situation page","D","High","Consolidate into parent page","Low-support county-situation page is too templated to justify standalone indexing outside priority markets."
"bay-county-foreclosure.html","county + situation page","D","High","Consolidate into parent page","Low-support county-situation page is too templated to justify standalone indexing outside priority markets."
"bay-county-inherited-property.html","county + situation page","D","High","Consolidate into parent page","Low-support county-situation page is too templated to justify standalone indexing outside priority markets."
"bay-county-probate.html","county + situation page","D","High","Consolidate into parent page","Low-support county-situation page is too templated to justify standalone indexing outside priority markets."
"bay-county-rental.html","county + situation page","D","High","Consolidate into parent page","Low-support county-situation page is too templated to justify standalone indexing outside priority markets."
"bay-county-repairs.html","county + situation page","D","High","Consolidate into parent page","Low-support county-situation page is too templated to justify standalone indexing outside priority markets."
"bay-county-urgent-sale.html","county + situation page","D","High","Consolidate into parent page","Low-support county-situation page is too templated to justify standalone indexing outside priority markets."
"bay-county-vacant-home.html","county + situation page","D","High","Consolidate into parent page","Low-support county-situation page is too templated to justify standalone indexing outside priority markets."
"bay-county.html","county page","A","Medium","Keep indexable now","County hub page is the strongest scalable local asset and can absorb weaker county-situation intent."
"blog.html","blog page","B","Medium","Improve before indexable","Blog hub needs stronger editorial depth, but it can remain indexable once weak trust links are de-emphasized."
"bradford-county-commercial-properties.html","county commercial page","D","High","Consolidate into parent page","Local commercial pages are secondary, thin, and better consolidated into the main commercial hub until deeper market-specific proof exists."
"bradford-county-divorce.html","county + situation page","D","High","Consolidate into parent page","Low-support county-situation page is too templated to justify standalone indexing outside priority markets."
"bradford-county-foreclosure.html","county + situation page","D","High","Consolidate into parent page","Low-support county-situation page is too templated to justify standalone indexing outside priority markets."
"bradford-county-inherited-property.html","county + situation page","D","High","Consolidate into parent page","Low-support county-situation page is too templated to justify standalone indexing outside priority markets."
"bradford-county-probate.html","county + situation page","D","High","Consolidate into parent page","Low-support county-situation page is too templated to justify standalone indexing outside priority markets."
"bradford-county-rental.html","county + situation page","D","High","Consolidate into parent page","Low-support county-situation page is too templated to justify standalone indexing outside priority markets."
"bradford-county-repairs.html","county + situation page","D","High","Consolidate into parent page","Low-support county-situation page is too templated to justify standalone indexing outside priority markets."
"bradford-county-urgent-sale.html","county + situation page","D","High","Consolidate into parent page","Low-support county-situation page is too templated to justify standalone indexing outside priority markets."
"bradford-county-vacant-home.html","county + situation page","D","High","Consolidate into parent page","Low-support county-situation page is too templated to justify standalone indexing outside priority markets."
"bradford-county.html","county page","A","Medium","Keep indexable now","County hub page is the strongest scalable local asset and can absorb weaker county-situation intent."
"brevard-county-commercial-properties.html","county commercial page","D","High","Consolidate into parent page","Local commercial pages are secondary, thin, and better consolidated into the main commercial hub until deeper market-specific proof exists."
"brevard-county-divorce.html","county + situation page","D","High","Consolidate into parent page","Low-support county-situation page is too templated to justify standalone indexing outside priority markets."
"brevard-county-foreclosure.html","county + situation page","D","High","Consolidate into parent page","Low-support county-situation page is too templated to justify standalone indexing outside priority markets."
"brevard-county-inherited-property.html","county + situation page","A","Medium","Keep indexable now","Priority county-situation page tied to stronger markets and supported by county, city, and statewide hub links."
"brevard-county-probate.html","county + situation page","D","High","Consolidate into parent page","Low-support county-situation page is too templated to justify standalone indexing outside priority markets."
"brevard-county-rental.html","county + situation page","D","High","Consolidate into parent page","Low-support county-situation page is too templated to justify standalone indexing outside priority markets."
"brevard-county-repairs.html","county + situation page","A","Medium","Keep indexable now","Priority county-situation page tied to stronger markets and supported by county, city, and statewide hub links."
"brevard-county-urgent-sale.html","county + situation page","A","Medium","Keep indexable now","Priority county-situation page tied to stronger markets and supported by county, city, and statewide hub links."
"brevard-county-vacant-home.html","county + situation page","A","Medium","Keep indexable now","Priority county-situation page tied to stronger markets and supported by county, city, and statewide hub links."
"brevard-county.html","county page","A","Medium","Keep indexable now","County hub page is the strongest scalable local asset and can absorb weaker county-situation intent."
"broward-county-commercial-properties.html","county commercial page","D","High","Consolidate into parent page","Local commercial pages are secondary, thin, and better consolidated into the main commercial hub until deeper market-specific proof exists."
"broward-county-divorce.html","county + situation page","D","High","Consolidate into parent page","Low-support county-situation page is too templated to justify standalone indexing outside priority markets."
"broward-county-foreclosure.html","county + situation page","D","High","Consolidate into parent page","Low-support county-situation page is too templated to justify standalone indexing outside priority markets."
"broward-county-inherited-property.html","county + situation page","D","High","Consolidate into parent page","Low-support county-situation page is too templated to justify standalone indexing outside priority markets."
"broward-county-probate.html","county + situation page","D","High","Consolidate into parent page","Low-support county-situation page is too templated to justify standalone indexing outside priority markets."
"broward-county-rental.html","county + situation page","D","High","Consolidate into parent page","Low-support county-situation page is too templated to justify standalone indexing outside priority markets."
"broward-county-repairs.html","county + situation page","D","High","Consolidate into parent page","Low-support county-situation page is too templated to justify standalone indexing outside priority markets."
"broward-county-urgent-sale.html","county + situation page","D","High","Consolidate into parent page","Low-support county-situation page is too templated to justify standalone indexing outside priority markets."
"broward-county-vacant-home.html","county + situation page","D","High","Consolidate into parent page","Low-support county-situation page is too templated to justify standalone indexing outside priority markets."
"broward-county.html","county page","A","Medium","Keep indexable now","County hub page is the strongest scalable local asset and can absorb weaker county-situation intent."
"calhoun-county-commercial-properties.html","county commercial page","D","High","Consolidate into parent page","Local commercial pages are secondary, thin, and better consolidated into the main commercial hub until deeper market-specific proof exists."
"calhoun-county-divorce.html","county + situation page","D","High","Consolidate into parent page","Low-support county-situation page is too templated to justify standalone indexing outside priority markets."
"calhoun-county-foreclosure.html","county + situation page","D","High","Consolidate into parent page","Low-support county-situation page is too templated to justify standalone indexing outside priority markets."
"calhoun-county-inherited-property.html","county + situation page","D","High","Consolidate into parent page","Low-support county-situation page is too templated to justify standalone indexing outside priority markets."
"calhoun-county-probate.html","county + situation page","D","High","Consolidate into parent page","Low-support county-situation page is too templated to justify standalone indexing outside priority markets."
"calhoun-county-rental.html","county + situation page","D","High","Consolidate into parent page","Low-support county-situation page is too templated to justify standalone indexing outside priority markets."
"calhoun-county-repairs.html","county + situation page","D","High","Consolidate into parent page","Low-support county-situation page is too templated to justify standalone indexing outside priority markets."
"calhoun-county-urgent-sale.html","county + situation page","D","High","Consolidate into parent page","Low-support county-situation page is too templated to justify standalone indexing outside priority markets."
"calhoun-county-vacant-home.html","county + situation page","D","High","Consolidate into parent page","Low-support county-situation page is too templated to justify standalone indexing outside priority markets."
"calhoun-county.html","county page","A","Medium","Keep indexable now","County hub page is the strongest scalable local asset and can absorb weaker county-situation intent."
"cape-coral-commercial-properties.html","city commercial page","D","High","Consolidate into parent page","Local commercial pages are secondary, thin, and better consolidated into the main commercial hub until deeper market-specific proof exists."
"cape-coral.html","city page","A","Medium","Keep indexable now","City page targets strong local demand and supports the surrounding county structure."
"central-florida.html","regional hub","A","Low","Keep indexable now","Regional hub supports discovery and connects city and county clusters."
"charlotte-county-commercial-properties.html","county commercial page","D","High","Consolidate into parent page","Local commercial pages are secondary, thin, and better consolidated into the main commercial hub until deeper market-specific proof exists."
"charlotte-county-divorce.html","county + situation page","D","High","Consolidate into parent page","Low-support county-situation page is too templated to justify standalone indexing outside priority markets."
"charlotte-county-foreclosure.html","county + situation page","D","High","Consolidate into parent page","Low-support county-situation page is too templated to justify standalone indexing outside priority markets."
"charlotte-county-inherited-property.html","county + situation page","D","High","Consolidate into parent page","Low-support county-situation page is too templated to justify standalone indexing outside priority markets."
"charlotte-county-probate.html","county + situation page","D","High","Consolidate into parent page","Low-support county-situation page is too templated to justify standalone indexing outside priority markets."
"charlotte-county-rental.html","county + situation page","D","High","Consolidate into parent page","Low-support county-situation page is too templated to justify standalone indexing outside priority markets."
"charlotte-county-repairs.html","county + situation page","D","High","Consolidate into parent page","Low-support county-situation page is too templated to justify standalone indexing outside priority markets."
"charlotte-county-urgent-sale.html","county + situation page","D","High","Consolidate into parent page","Low-support county-situation page is too templated to justify standalone indexing outside priority markets."
"charlotte-county-vacant-home.html","county + situation page","D","High","Consolidate into parent page","Low-support county-situation page is too templated to justify standalone indexing outside priority markets."
"charlotte-county.html","county page","A","Medium","Keep indexable now","County hub page is the strongest scalable local asset and can absorb weaker county-situation intent."
"citrus-county-commercial-properties.html","county commercial page","D","High","Consolidate into parent page","Local commercial pages are secondary, thin, and better consolidated into the main commercial hub until deeper market-specific proof exists."
"citrus-county-divorce.html","county + situation page","D","High","Consolidate into parent page","Low-support county-situation page is too templated to justify standalone indexing outside priority markets."
"citrus-county-foreclosure.html","county + situation page","D","High","Consolidate into parent page","Low-support county-situation page is too templated to justify standalone indexing outside priority markets."
"citrus-county-inherited-property.html","county + situation page","D","High","Consolidate into parent page","Low-support county-situation page is too templated to justify standalone indexing outside priority markets."
"citrus-county-probate.html","county + situation page","D","High","Consolidate into parent page","Low-support county-situation page is too templated to justify standalone indexing outside priority markets."
"citrus-county-rental.html","county + situation page","D","High","Consolidate into parent page","Low-support county-situation page is too templated to justify standalone indexing outside priority markets."
"citrus-county-repairs.html","county + situation page","D","High","Consolidate into parent page","Low-support county-situation page is too templated to justify standalone indexing outside priority markets."
"citrus-county-urgent-sale.html","county + situation page","D","High","Consolidate into parent page","Low-support county-situation page is too templated to justify standalone indexing outside priority markets."
"citrus-county-vacant-home.html","county + situation page","D","High","Consolidate into parent page","Low-support county-situation page is too templated to justify standalone indexing outside priority markets."
"citrus-county.html","county page","A","Medium","Keep indexable now","County hub page is the strongest scalable local asset and can absorb weaker county-situation intent."
"clay-county-commercial-properties.html","county commercial page","D","High","Consolidate into parent page","Local commercial pages are secondary, thin, and better consolidated into the main commercial hub until deeper market-specific proof exists."
"clay-county-divorce.html","county + situation page","D","High","Consolidate into parent page","Low-support county-situation page is too templated to justify standalone indexing outside priority markets."
"clay-county-foreclosure.html","county + situation page","D","High","Consolidate into parent page","Low-support county-situation page is too templated to justify standalone indexing outside priority markets."
"clay-county-inherited-property.html","county + situation page","D","High","Consolidate into parent page","Low-support county-situation page is too templated to justify standalone indexing outside priority markets."
"clay-county-probate.html","county + situation page","D","High","Consolidate into parent page","Low-support county-situation page is too templated to justify standalone indexing outside priority markets."
"clay-county-rental.html","county + situation page","D","High","Consolidate into parent page","Low-support county-situation page is too templated to justify standalone indexing outside priority markets."
"clay-county-repairs.html","county + situation page","D","High","Consolidate into parent page","Low-support county-situation page is too templated to justify standalone indexing outside priority markets."
"clay-county-urgent-sale.html","county + situation page","D","High","Consolidate into parent page","Low-support county-situation page is too templated to justify standalone indexing outside priority markets."
"clay-county-vacant-home.html","county + situation page","D","High","Consolidate into parent page","Low-support county-situation page is too templated to justify standalone indexing outside priority markets."
"clay-county.html","county page","A","Medium","Keep indexable now","County hub page is the strongest scalable local asset and can absorb weaker county-situation intent."
"collier-county-commercial-properties.html","county commercial page","D","High","Consolidate into parent page","Local commercial pages are secondary, thin, and better consolidated into the main commercial hub until deeper market-specific proof exists."
"collier-county-divorce.html","county + situation page","D","High","Consolidate into parent page","Low-support county-situation page is too templated to justify standalone indexing outside priority markets."
"collier-county-foreclosure.html","county + situation page","D","High","Consolidate into parent page","Low-support county-situation page is too templated to justify standalone indexing outside priority markets."
"collier-county-inherited-property.html","county + situation page","D","High","Consolidate into parent page","Low-support county-situation page is too templated to justify standalone indexing outside priority markets."
"collier-county-probate.html","county + situation page","D","High","Consolidate into parent page","Low-support county-situation page is too templated to justify standalone indexing outside priority markets."
"collier-county-rental.html","county + situation page","D","High","Consolidate into parent page","Low-support county-situation page is too templated to justify standalone indexing outside priority markets."
"collier-county-repairs.html","county + situation page","D","High","Consolidate into parent page","Low-support county-situation page is too templated to justify standalone indexing outside priority markets."
"collier-county-urgent-sale.html","county + situation page","D","High","Consolidate into parent page","Low-support county-situation page is too templated to justify standalone indexing outside priority markets."
"collier-county-vacant-home.html","county + situation page","D","High","Consolidate into parent page","Low-support county-situation page is too templated to justify standalone indexing outside priority markets."
"collier-county.html","county page","A","Medium","Keep indexable now","County hub page is the strongest scalable local asset and can absorb weaker county-situation intent."
"columbia-county-commercial-properties.html","county commercial page","D","High","Consolidate into parent page","Local commercial pages are secondary, thin, and better consolidated into the main commercial hub until deeper market-specific proof exists."
"columbia-county-divorce.html","county + situation page","D","High","Consolidate into parent page","Low-support county-situation page is too templated to justify standalone indexing outside priority markets."
"columbia-county-foreclosure.html","county + situation page","D","High","Consolidate into parent page","Low-support county-situation page is too templated to justify standalone indexing outside priority markets."
"columbia-county-inherited-property.html","county + situation page","D","High","Consolidate into parent page","Low-support county-situation page is too templated to justify standalone indexing outside priority markets."
"columbia-county-probate.html","county + situation page","D","High","Consolidate into parent page","Low-support county-situation page is too templated to justify standalone indexing outside priority markets."
"columbia-county-rental.html","county + situation page","D","High","Consolidate into parent page","Low-support county-situation page is too templated to justify standalone indexing outside priority markets."
"columbia-county-repairs.html","county + situation page","D","High","Consolidate into parent page","Low-support county-situation page is too templated to justify standalone indexing outside priority markets."
"columbia-county-urgent-sale.html","county + situation page","D","High","Consolidate into parent page","Low-support county-situation page is too templated to justify standalone indexing outside priority markets."
"columbia-county-vacant-home.html","county + situation page","D","High","Consolidate into parent page","Low-support county-situation page is too templated to justify standalone indexing outside priority markets."
"columbia-county.html","county page","A","Medium","Keep indexable now","County hub page is the strongest scalable local asset and can absorb weaker county-situation intent."
"counties.html","regional hub","A","Low","Keep indexable now","Core conversion or discovery page with clear statewide business relevance."
"create-your-offer.html","core service page","A","Low","Keep indexable now","Core conversion or discovery page with clear statewide business relevance."
"daytona-beach-commercial-properties.html","city commercial page","D","High","Consolidate into parent page","Local commercial pages are secondary, thin, and better consolidated into the main commercial hub until deeper market-specific proof exists."
"daytona-beach.html","city page","A","Medium","Keep indexable now","City page targets strong local demand and supports the surrounding county structure."
"deltona-commercial-properties.html","city commercial page","D","High","Consolidate into parent page","Local commercial pages are secondary, thin, and better consolidated into the main commercial hub until deeper market-specific proof exists."
"deltona.html","city page","A","Medium","Keep indexable now","City page targets strong local demand and supports the surrounding county structure."
"desoto-county-commercial-properties.html","county commercial page","D","High","Consolidate into parent page","Local commercial pages are secondary, thin, and better consolidated into the main commercial hub until deeper market-specific proof exists."
"desoto-county-divorce.html","county + situation page","D","High","Consolidate into parent page","Low-support county-situation page is too templated to justify standalone indexing outside priority markets."
"desoto-county-foreclosure.html","county + situation page","D","High","Consolidate into parent page","Low-support county-situation page is too templated to justify standalone indexing outside priority markets."
"desoto-county-inherited-property.html","county + situation page","D","High","Consolidate into parent page","Low-support county-situation page is too templated to justify standalone indexing outside priority markets."
"desoto-county-probate.html","county + situation page","D","High","Consolidate into parent page","Low-support county-situation page is too templated to justify standalone indexing outside priority markets."
"desoto-county-rental.html","county + situation page","D","High","Consolidate into parent page","Low-support county-situation page is too templated to justify standalone indexing outside priority markets."
"desoto-county-repairs.html","county + situation page","D","High","Consolidate into parent page","Low-support county-situation page is too templated to justify standalone indexing outside priority markets."
"desoto-county-urgent-sale.html","county + situation page","D","High","Consolidate into parent page","Low-support county-situation page is too templated to justify standalone indexing outside priority markets."
"desoto-county-vacant-home.html","county + situation page","D","High","Consolidate into parent page","Low-support county-situation page is too templated to justify standalone indexing outside priority markets."
"desoto-county.html","county page","A","Medium","Keep indexable now","County hub page is the strongest scalable local asset and can absorb weaker county-situation intent."
"divorce-transition-counties.html","utility directory","C","High","Noindex, follow for now","Large county-plus-situation directory pages create crawl paths but are too thin and repetitive for indexing."
"divorce-transition-story.html","testimonial / story page","C","High","Noindex, follow for now","Proof-style content depends on composite or unverifiable local claims and should not be used as an index signal."
"divorce-transition.html","core service page","A","Medium","Keep indexable now","Strong statewide intent page that can support internal linking into local pages."
"dixie-county-commercial-properties.html","county commercial page","D","High","Consolidate into parent page","Local commercial pages are secondary, thin, and better consolidated into the main commercial hub until deeper market-specific proof exists."
"dixie-county-divorce.html","county + situation page","D","High","Consolidate into parent page","Low-support county-situation page is too templated to justify standalone indexing outside priority markets."
"dixie-county-foreclosure.html","county + situation page","D","High","Consolidate into parent page","Low-support county-situation page is too templated to justify standalone indexing outside priority markets."
"dixie-county-inherited-property.html","county + situation page","D","High","Consolidate into parent page","Low-support county-situation page is too templated to justify standalone indexing outside priority markets."
"dixie-county-probate.html","county + situation page","D","High","Consolidate into parent page","Low-support county-situation page is too templated to justify standalone indexing outside priority markets."
"dixie-county-rental.html","county + situation page","D","High","Consolidate into parent page","Low-support county-situation page is too templated to justify standalone indexing outside priority markets."
"dixie-county-repairs.html","county + situation page","D","High","Consolidate into parent page","Low-support county-situation page is too templated to justify standalone indexing outside priority markets."
"dixie-county-urgent-sale.html","county + situation page","D","High","Consolidate into parent page","Low-support county-situation page is too templated to justify standalone indexing outside priority markets."
"dixie-county-vacant-home.html","county + situation page","D","High","Consolidate into parent page","Low-support county-situation page is too templated to justify standalone indexing outside priority markets."
"dixie-county.html","county page","A","Medium","Keep indexable now","County hub page is the strongest scalable local asset and can absorb weaker county-situation intent."
"duval-county-commercial-properties.html","county commercial page","D","High","Consolidate into parent page","Local commercial pages are secondary, thin, and better consolidated into the main commercial hub until deeper market-specific proof exists."
"duval-county-divorce.html","county + situation page","A","Medium","Keep indexable now","Priority county-situation page tied to stronger markets and supported by county, city, and statewide hub links."
"duval-county-foreclosure.html","county + situation page","A","Medium","Keep indexable now","Priority county-situation page tied to stronger markets and supported by county, city, and statewide hub links."
"duval-county-inherited-property.html","county + situation page","A","Medium","Keep indexable now","Priority county-situation page tied to stronger markets and supported by county, city, and statewide hub links."
"duval-county-probate.html","county + situation page","A","Medium","Keep indexable now","Priority county-situation page tied to stronger markets and supported by county, city, and statewide hub links."
"duval-county-rental.html","county + situation page","A","Medium","Keep indexable now","Priority county-situation page tied to stronger markets and supported by county, city, and statewide hub links."
"duval-county-repairs.html","county + situation page","A","Medium","Keep indexable now","Priority county-situation page tied to stronger markets and supported by county, city, and statewide hub links."
"duval-county-urgent-sale.html","county + situation page","A","Medium","Keep indexable now","Priority county-situation page tied to stronger markets and supported by county, city, and statewide hub links."
"duval-county-vacant-home.html","county + situation page","A","Medium","Keep indexable now","Priority county-situation page tied to stronger markets and supported by county, city, and statewide hub links."
"duval-county.html","county page","A","Medium","Keep indexable now","County hub page is the strongest scalable local asset and can absorb weaker county-situation intent."
"escambia-county-commercial-properties.html","county commercial page","D","High","Consolidate into parent page","Local commercial pages are secondary, thin, and better consolidated into the main commercial hub until deeper market-specific proof exists."
"escambia-county-divorce.html","county + situation page","D","High","Consolidate into parent page","Low-support county-situation page is too templated to justify standalone indexing outside priority markets."
"escambia-county-foreclosure.html","county + situation page","D","High","Consolidate into parent page","Low-support county-situation page is too templated to justify standalone indexing outside priority markets."
"escambia-county-inherited-property.html","county + situation page","D","High","Consolidate into parent page","Low-support county-situation page is too templated to justify standalone indexing outside priority markets."
"escambia-county-probate.html","county + situation page","D","High","Consolidate into parent page","Low-support county-situation page is too templated to justify standalone indexing outside priority markets."
"escambia-county-rental.html","county + situation page","D","High","Consolidate into parent page","Low-support county-situation page is too templated to justify standalone indexing outside priority markets."
"escambia-county-repairs.html","county + situation page","D","High","Consolidate into parent page","Low-support county-situation page is too templated to justify standalone indexing outside priority markets."
"escambia-county-urgent-sale.html","county + situation page","D","High","Consolidate into parent page","Low-support county-situation page is too templated to justify standalone indexing outside priority markets."
"escambia-county-vacant-home.html","county + situation page","D","High","Consolidate into parent page","Low-support county-situation page is too templated to justify standalone indexing outside priority markets."
"escambia-county.html","county page","A","Medium","Keep indexable now","County hub page is the strongest scalable local asset and can absorb weaker county-situation intent."
"flagler-county-commercial-properties.html","county commercial page","D","High","Consolidate into parent page","Local commercial pages are secondary, thin, and better consolidated into the main commercial hub until deeper market-specific proof exists."
"flagler-county-divorce.html","county + situation page","D","High","Consolidate into parent page","Low-support county-situation page is too templated to justify standalone indexing outside priority markets."
"flagler-county-foreclosure.html","county + situation page","D","High","Consolidate into parent page","Low-support county-situation page is too templated to justify standalone indexing outside priority markets."
"flagler-county-inherited-property.html","county + situation page","D","High","Consolidate into parent page","Low-support county-situation page is too templated to justify standalone indexing outside priority markets."
"flagler-county-probate.html","county + situation page","D","High","Consolidate into parent page","Low-support county-situation page is too templated to justify standalone indexing outside priority markets."
"flagler-county-rental.html","county + situation page","D","High","Consolidate into parent page","Low-support county-situation page is too templated to justify standalone indexing outside priority markets."
"flagler-county-repairs.html","county + situation page","D","High","Consolidate into parent page","Low-support county-situation page is too templated to justify standalone indexing outside priority markets."
"flagler-county-urgent-sale.html","county + situation page","D","High","Consolidate into parent page","Low-support county-situation page is too templated to justify standalone indexing outside priority markets."
"flagler-county-vacant-home.html","county + situation page","D","High","Consolidate into parent page","Low-support county-situation page is too templated to justify standalone indexing outside priority markets."
"flagler-county.html","county page","A","Medium","Keep indexable now","County hub page is the strongest scalable local asset and can absorb weaker county-situation intent."
"foreclosure-pressure-counties.html","utility directory","C","High","Noindex, follow for now","Large county-plus-situation directory pages create crawl paths but are too thin and repetitive for indexing."
"foreclosure-pressure-story.html","testimonial / story page","C","High","Noindex, follow for now","Proof-style content depends on composite or unverifiable local claims and should not be used as an index signal."
"foreclosure-pressure.html","core service page","A","Medium","Keep indexable now","Strong statewide intent page that can support internal linking into local pages."
"fort-lauderdale-commercial-properties.html","city commercial page","D","High","Consolidate into parent page","Local commercial pages are secondary, thin, and better consolidated into the main commercial hub until deeper market-specific proof exists."
"fort-lauderdale.html","city page","A","Medium","Keep indexable now","City page targets strong local demand and supports the surrounding county structure."
"franklin-county-commercial-properties.html","county commercial page","D","High","Consolidate into parent page","Local commercial pages are secondary, thin, and better consolidated into the main commercial hub until deeper market-specific proof exists."
"franklin-county-divorce.html","county + situation page","D","High","Consolidate into parent page","Low-support county-situation page is too templated to justify standalone indexing outside priority markets."
"franklin-county-foreclosure.html","county + situation page","D","High","Consolidate into parent page","Low-support county-situation page is too templated to justify standalone indexing outside priority markets."
"franklin-county-inherited-property.html","county + situation page","D","High","Consolidate into parent page","Low-support county-situation page is too templated to justify standalone indexing outside priority markets."
"franklin-county-probate.html","county + situation page","D","High","Consolidate into parent page","Low-support county-situation page is too templated to justify standalone indexing outside priority markets."
"franklin-county-rental.html","county + situation page","D","High","Consolidate into parent page","Low-support county-situation page is too templated to justify standalone indexing outside priority markets."
"franklin-county-repairs.html","county + situation page","D","High","Consolidate into parent page","Low-support county-situation page is too templated to justify standalone indexing outside priority markets."
"franklin-county-urgent-sale.html","county + situation page","D","High","Consolidate into parent page","Low-support county-situation page is too templated to justify standalone indexing outside priority markets."
"franklin-county-vacant-home.html","county + situation page","D","High","Consolidate into parent page","Low-support county-situation page is too templated to justify standalone indexing outside priority markets."
"franklin-county.html","county page","A","Medium","Keep indexable now","County hub page is the strongest scalable local asset and can absorb weaker county-situation intent."
"gadsden-county-commercial-properties.html","county commercial page","D","High","Consolidate into parent page","Local commercial pages are secondary, thin, and better consolidated into the main commercial hub until deeper market-specific proof exists."
"gadsden-county-divorce.html","county + situation page","D","High","Consolidate into parent page","Low-support county-situation page is too templated to justify standalone indexing outside priority markets."
"gadsden-county-foreclosure.html","county + situation page","D","High","Consolidate into parent page","Low-support county-situation page is too templated to justify standalone indexing outside priority markets."
"gadsden-county-inherited-property.html","county + situation page","D","High","Consolidate into parent page","Low-support county-situation page is too templated to justify standalone indexing outside priority markets."
"gadsden-county-probate.html","county + situation page","D","High","Consolidate into parent page","Low-support county-situation page is too templated to justify standalone indexing outside priority markets."
"gadsden-county-rental.html","county + situation page","D","High","Consolidate into parent page","Low-support county-situation page is too templated to justify standalone indexing outside priority markets."
"gadsden-county-repairs.html","county + situation page","D","High","Consolidate into parent page","Low-support county-situation page is too templated to justify standalone indexing outside priority markets."
"gadsden-county-urgent-sale.html","county + situation page","D","High","Consolidate into parent page","Low-support county-situation page is too templated to justify standalone indexing outside priority markets."
"gadsden-county-vacant-home.html","county + situation page","D","High","Consolidate into parent page","Low-support county-situation page is too templated to justify standalone indexing outside priority markets."
"gadsden-county.html","county page","A","Medium","Keep indexable now","County hub page is the strongest scalable local asset and can absorb weaker county-situation intent."
"gainesville-commercial-properties.html","city commercial page","D","High","Consolidate into parent page","Local commercial pages are secondary, thin, and better consolidated into the main commercial hub until deeper market-specific proof exists."
"gainesville.html","city page","A","Medium","Keep indexable now","City page targets strong local demand and supports the surrounding county structure."
"gilchrist-county-commercial-properties.html","county commercial page","D","High","Consolidate into parent page","Local commercial pages are secondary, thin, and better consolidated into the main commercial hub until deeper market-specific proof exists."
"gilchrist-county-divorce.html","county + situation page","D","High","Consolidate into parent page","Low-support county-situation page is too templated to justify standalone indexing outside priority markets."
"gilchrist-county-foreclosure.html","county + situation page","D","High","Consolidate into parent page","Low-support county-situation page is too templated to justify standalone indexing outside priority markets."
"gilchrist-county-inherited-property.html","county + situation page","D","High","Consolidate into parent page","Low-support county-situation page is too templated to justify standalone indexing outside priority markets."
"gilchrist-county-probate.html","county + situation page","D","High","Consolidate into parent page","Low-support county-situation page is too templated to justify standalone indexing outside priority markets."
"gilchrist-county-rental.html","county + situation page","D","High","Consolidate into parent page","Low-support county-situation page is too templated to justify standalone indexing outside priority markets."
"gilchrist-county-repairs.html","county + situation page","D","High","Consolidate into parent page","Low-support county-situation page is too templated to justify standalone indexing outside priority markets."
"gilchrist-county-urgent-sale.html","county + situation page","D","High","Consolidate into parent page","Low-support county-situation page is too templated to justify standalone indexing outside priority markets."
"gilchrist-county-vacant-home.html","county + situation page","D","High","Consolidate into parent page","Low-support county-situation page is too templated to justify standalone indexing outside priority markets."
"gilchrist-county.html","county page","A","Medium","Keep indexable now","County hub page is the strongest scalable local asset and can absorb weaker county-situation intent."
"glades-county-commercial-properties.html","county commercial page","D","High","Consolidate into parent page","Local commercial pages are secondary, thin, and better consolidated into the main commercial hub until deeper market-specific proof exists."
"glades-county-divorce.html","county + situation page","D","High","Consolidate into parent page","Low-support county-situation page is too templated to justify standalone indexing outside priority markets."
"glades-county-foreclosure.html","county + situation page","D","High","Consolidate into parent page","Low-support county-situation page is too templated to justify standalone indexing outside priority markets."
"glades-county-inherited-property.html","county + situation page","D","High","Consolidate into parent page","Low-support county-situation page is too templated to justify standalone indexing outside priority markets."
"glades-county-probate.html","county + situation page","D","High","Consolidate into parent page","Low-support county-situation page is too templated to justify standalone indexing outside priority markets."
"glades-county-rental.html","county + situation page","D","High","Consolidate into parent page","Low-support county-situation page is too templated to justify standalone indexing outside priority markets."
"glades-county-repairs.html","county + situation page","D","High","Consolidate into parent page","Low-support county-situation page is too templated to justify standalone indexing outside priority markets."
"glades-county-urgent-sale.html","county + situation page","D","High","Consolidate into parent page","Low-support county-situation page is too templated to justify standalone indexing outside priority markets."
"glades-county-vacant-home.html","county + situation page","D","High","Consolidate into parent page","Low-support county-situation page is too templated to justify standalone indexing outside priority markets."
"glades-county.html","county page","A","Medium","Keep indexable now","County hub page is the strongest scalable local asset and can absorb weaker county-situation intent."
"gulf-coast.html","city page","A","Medium","Keep indexable now","City page targets strong local demand and supports the surrounding county structure."
"gulf-county-commercial-properties.html","county commercial page","D","High","Consolidate into parent page","Local commercial pages are secondary, thin, and better consolidated into the main commercial hub until deeper market-specific proof exists."
"gulf-county-divorce.html","county + situation page","D","High","Consolidate into parent page","Low-support county-situation page is too templated to justify standalone indexing outside priority markets."
"gulf-county-foreclosure.html","county + situation page","D","High","Consolidate into parent page","Low-support county-situation page is too templated to justify standalone indexing outside priority markets."
"gulf-county-inherited-property.html","county + situation page","D","High","Consolidate into parent page","Low-support county-situation page is too templated to justify standalone indexing outside priority markets."
"gulf-county-probate.html","county + situation page","D","High","Consolidate into parent page","Low-support county-situation page is too templated to justify standalone indexing outside priority markets."
"gulf-county-rental.html","county + situation page","D","High","Consolidate into parent page","Low-support county-situation page is too templated to justify standalone indexing outside priority markets."
"gulf-county-repairs.html","county + situation page","D","High","Consolidate into parent page","Low-support county-situation page is too templated to justify standalone indexing outside priority markets."
"gulf-county-urgent-sale.html","county + situation page","D","High","Consolidate into parent page","Low-support county-situation page is too templated to justify standalone indexing outside priority markets."
"gulf-county-vacant-home.html","county + situation page","D","High","Consolidate into parent page","Low-support county-situation page is too templated to justify standalone indexing outside priority markets."
"gulf-county.html","county page","A","Medium","Keep indexable now","County hub page is the strongest scalable local asset and can absorb weaker county-situation intent."
"hamilton-county-commercial-properties.html","county commercial page","D","High","Consolidate into parent page","Local commercial pages are secondary, thin, and better consolidated into the main commercial hub until deeper market-specific proof exists."
"hamilton-county-divorce.html","county + situation page","D","High","Consolidate into parent page","Low-support county-situation page is too templated to justify standalone indexing outside priority markets."
"hamilton-county-foreclosure.html","county + situation page","D","High","Consolidate into parent page","Low-support county-situation page is too templated to justify standalone indexing outside priority markets."
"hamilton-county-inherited-property.html","county + situation page","D","High","Consolidate into parent page","Low-support county-situation page is too templated to justify standalone indexing outside priority markets."
"hamilton-county-probate.html","county + situation page","D","High","Consolidate into parent page","Low-support county-situation page is too templated to justify standalone indexing outside priority markets."
"hamilton-county-rental.html","county + situation page","D","High","Consolidate into parent page","Low-support county-situation page is too templated to justify standalone indexing outside priority markets."
"hamilton-county-repairs.html","county + situation page","D","High","Consolidate into parent page","Low-support county-situation page is too templated to justify standalone indexing outside priority markets."
"hamilton-county-urgent-sale.html","county + situation page","D","High","Consolidate into parent page","Low-support county-situation page is too templated to justify standalone indexing outside priority markets."
"hamilton-county-vacant-home.html","county + situation page","D","High","Consolidate into parent page","Low-support county-situation page is too templated to justify standalone indexing outside priority markets."
"hamilton-county.html","county page","A","Medium","Keep indexable now","County hub page is the strongest scalable local asset and can absorb weaker county-situation intent."
"hardee-county-commercial-properties.html","county commercial page","D","High","Consolidate into parent page","Local commercial pages are secondary, thin, and better consolidated into the main commercial hub until deeper market-specific proof exists."
"hardee-county-divorce.html","county + situation page","D","High","Consolidate into parent page","Low-support county-situation page is too templated to justify standalone indexing outside priority markets."
"hardee-county-foreclosure.html","county + situation page","D","High","Consolidate into parent page","Low-support county-situation page is too templated to justify standalone indexing outside priority markets."
"hardee-county-inherited-property.html","county + situation page","D","High","Consolidate into parent page","Low-support county-situation page is too templated to justify standalone indexing outside priority markets."
"hardee-county-probate.html","county + situation page","D","High","Consolidate into parent page","Low-support county-situation page is too templated to justify standalone indexing outside priority markets."
"hardee-county-rental.html","county + situation page","D","High","Consolidate into parent page","Low-support county-situation page is too templated to justify standalone indexing outside priority markets."
"hardee-county-repairs.html","county + situation page","D","High","Consolidate into parent page","Low-support county-situation page is too templated to justify standalone indexing outside priority markets."
"hardee-county-urgent-sale.html","county + situation page","D","High","Consolidate into parent page","Low-support county-situation page is too templated to justify standalone indexing outside priority markets."
"hardee-county-vacant-home.html","county + situation page","D","High","Consolidate into parent page","Low-support county-situation page is too templated to justify standalone indexing outside priority markets."
"hardee-county.html","county page","A","Medium","Keep indexable now","County hub page is the strongest scalable local asset and can absorb weaker county-situation intent."
"hendry-county-commercial-properties.html","county commercial page","D","High","Consolidate into parent page","Local commercial pages are secondary, thin, and better consolidated into the main commercial hub until deeper market-specific proof exists."
"hendry-county-divorce.html","county + situation page","D","High","Consolidate into parent page","Low-support county-situation page is too templated to justify standalone indexing outside priority markets."
"hendry-county-foreclosure.html","county + situation page","D","High","Consolidate into parent page","Low-support county-situation page is too templated to justify standalone indexing outside priority markets."
"hendry-county-inherited-property.html","county + situation page","D","High","Consolidate into parent page","Low-support county-situation page is too templated to justify standalone indexing outside priority markets."
"hendry-county-probate.html","county + situation page","D","High","Consolidate into parent page","Low-support county-situation page is too templated to justify standalone indexing outside priority markets."
"hendry-county-rental.html","county + situation page","D","High","Consolidate into parent page","Low-support county-situation page is too templated to justify standalone indexing outside priority markets."
"hendry-county-repairs.html","county + situation page","D","High","Consolidate into parent page","Low-support county-situation page is too templated to justify standalone indexing outside priority markets."
"hendry-county-urgent-sale.html","county + situation page","D","High","Consolidate into parent page","Low-support county-situation page is too templated to justify standalone indexing outside priority markets."
"hendry-county-vacant-home.html","county + situation page","D","High","Consolidate into parent page","Low-support county-situation page is too templated to justify standalone indexing outside priority markets."
"hendry-county.html","county page","A","Medium","Keep indexable now","County hub page is the strongest scalable local asset and can absorb weaker county-situation intent."
"hernando-county-commercial-properties.html","county commercial page","D","High","Consolidate into parent page","Local commercial pages are secondary, thin, and better consolidated into the main commercial hub until deeper market-specific proof exists."
"hernando-county-divorce.html","county + situation page","D","High","Consolidate into parent page","Low-support county-situation page is too templated to justify standalone indexing outside priority markets."
"hernando-county-foreclosure.html","county + situation page","D","High","Consolidate into parent page","Low-support county-situation page is too templated to justify standalone indexing outside priority markets."
"hernando-county-inherited-property.html","county + situation page","D","High","Consolidate into parent page","Low-support county-situation page is too templated to justify standalone indexing outside priority markets."
"hernando-county-probate.html","county + situation page","D","High","Consolidate into parent page","Low-support county-situation page is too templated to justify standalone indexing outside priority markets."
"hernando-county-rental.html","county + situation page","D","High","Consolidate into parent page","Low-support county-situation page is too templated to justify standalone indexing outside priority markets."
"hernando-county-repairs.html","county + situation page","D","High","Consolidate into parent page","Low-support county-situation page is too templated to justify standalone indexing outside priority markets."
"hernando-county-urgent-sale.html","county + situation page","D","High","Consolidate into parent page","Low-support county-situation page is too templated to justify standalone indexing outside priority markets."
"hernando-county-vacant-home.html","county + situation page","D","High","Consolidate into parent page","Low-support county-situation page is too templated to justify standalone indexing outside priority markets."
"hernando-county.html","county page","A","Medium","Keep indexable now","County hub page is the strongest scalable local asset and can absorb weaker county-situation intent."
"highlands-county-commercial-properties.html","county commercial page","D","High","Consolidate into parent page","Local commercial pages are secondary, thin, and better consolidated into the main commercial hub until deeper market-specific proof exists."
"highlands-county-divorce.html","county + situation page","D","High","Consolidate into parent page","Low-support county-situation page is too templated to justify standalone indexing outside priority markets."
"highlands-county-foreclosure.html","county + situation page","D","High","Consolidate into parent page","Low-support county-situation page is too templated to justify standalone indexing outside priority markets."
"highlands-county-inherited-property.html","county + situation page","D","High","Consolidate into parent page","Low-support county-situation page is too templated to justify standalone indexing outside priority markets."
"highlands-county-probate.html","county + situation page","D","High","Consolidate into parent page","Low-support county-situation page is too templated to justify standalone indexing outside priority markets."
"highlands-county-rental.html","county + situation page","D","High","Consolidate into parent page","Low-support county-situation page is too templated to justify standalone indexing outside priority markets."
"highlands-county-repairs.html","county + situation page","D","High","Consolidate into parent page","Low-support county-situation page is too templated to justify standalone indexing outside priority markets."
"highlands-county-urgent-sale.html","county + situation page","D","High","Consolidate into parent page","Low-support county-situation page is too templated to justify standalone indexing outside priority markets."
"highlands-county-vacant-home.html","county + situation page","D","High","Consolidate into parent page","Low-support county-situation page is too templated to justify standalone indexing outside priority markets."
"highlands-county.html","county page","A","Medium","Keep indexable now","County hub page is the strongest scalable local asset and can absorb weaker county-situation intent."
"hillsborough-county-commercial-properties.html","county commercial page","D","High","Consolidate into parent page","Local commercial pages are secondary, thin, and better consolidated into the main commercial hub until deeper market-specific proof exists."
"hillsborough-county-divorce.html","county + situation page","A","Medium","Keep indexable now","Priority county-situation page tied to stronger markets and supported by county, city, and statewide hub links."
"hillsborough-county-foreclosure.html","county + situation page","A","Medium","Keep indexable now","Priority county-situation page tied to stronger markets and supported by county, city, and statewide hub links."
"hillsborough-county-inherited-property.html","county + situation page","D","High","Consolidate into parent page","Low-support county-situation page is too templated to justify standalone indexing outside priority markets."
"hillsborough-county-probate.html","county + situation page","D","High","Consolidate into parent page","Low-support county-situation page is too templated to justify standalone indexing outside priority markets."
"hillsborough-county-rental.html","county + situation page","A","Medium","Keep indexable now","Priority county-situation page tied to stronger markets and supported by county, city, and statewide hub links."
"hillsborough-county-repairs.html","county + situation page","A","Medium","Keep indexable now","Priority county-situation page tied to stronger markets and supported by county, city, and statewide hub links."
"hillsborough-county-urgent-sale.html","county + situation page","A","Medium","Keep indexable now","Priority county-situation page tied to stronger markets and supported by county, city, and statewide hub links."
"hillsborough-county-vacant-home.html","county + situation page","D","High","Consolidate into parent page","Low-support county-situation page is too templated to justify standalone indexing outside priority markets."
"hillsborough-county.html","county page","A","Medium","Keep indexable now","County hub page is the strongest scalable local asset and can absorb weaker county-situation intent."
"holmes-county-commercial-properties.html","county commercial page","D","High","Consolidate into parent page","Local commercial pages are secondary, thin, and better consolidated into the main commercial hub until deeper market-specific proof exists."
"holmes-county-divorce.html","county + situation page","D","High","Consolidate into parent page","Low-support county-situation page is too templated to justify standalone indexing outside priority markets."
"holmes-county-foreclosure.html","county + situation page","D","High","Consolidate into parent page","Low-support county-situation page is too templated to justify standalone indexing outside priority markets."
"holmes-county-inherited-property.html","county + situation page","D","High","Consolidate into parent page","Low-support county-situation page is too templated to justify standalone indexing outside priority markets."
"holmes-county-probate.html","county + situation page","D","High","Consolidate into parent page","Low-support county-situation page is too templated to justify standalone indexing outside priority markets."
"holmes-county-rental.html","county + situation page","D","High","Consolidate into parent page","Low-support county-situation page is too templated to justify standalone indexing outside priority markets."
"holmes-county-repairs.html","county + situation page","D","High","Consolidate into parent page","Low-support county-situation page is too templated to justify standalone indexing outside priority markets."
"holmes-county-urgent-sale.html","county + situation page","D","High","Consolidate into parent page","Low-support county-situation page is too templated to justify standalone indexing outside priority markets."
"holmes-county-vacant-home.html","county + situation page","D","High","Consolidate into parent page","Low-support county-situation page is too templated to justify standalone indexing outside priority markets."
"holmes-county.html","county page","A","Medium","Keep indexable now","County hub page is the strongest scalable local asset and can absorb weaker county-situation intent."
"how-it-works.html","core service page","A","Low","Keep indexable now","Core conversion or discovery page with clear statewide business relevance."
"index.html","homepage","A","Low","Keep indexable now","Core conversion or discovery page with clear statewide business relevance."
"indian-river-county-commercial-properties.html","county commercial page","D","High","Consolidate into parent page","Local commercial pages are secondary, thin, and better consolidated into the main commercial hub until deeper market-specific proof exists."
"indian-river-county-divorce.html","county + situation page","D","High","Consolidate into parent page","Low-support county-situation page is too templated to justify standalone indexing outside priority markets."
"indian-river-county-foreclosure.html","county + situation page","D","High","Consolidate into parent page","Low-support county-situation page is too templated to justify standalone indexing outside priority markets."
"indian-river-county-inherited-property.html","county + situation page","D","High","Consolidate into parent page","Low-support county-situation page is too templated to justify standalone indexing outside priority markets."
"indian-river-county-probate.html","county + situation page","D","High","Consolidate into parent page","Low-support county-situation page is too templated to justify standalone indexing outside priority markets."
"indian-river-county-rental.html","county + situation page","D","High","Consolidate into parent page","Low-support county-situation page is too templated to justify standalone indexing outside priority markets."
"indian-river-county-repairs.html","county + situation page","D","High","Consolidate into parent page","Low-support county-situation page is too templated to justify standalone indexing outside priority markets."
"indian-river-county-urgent-sale.html","county + situation page","D","High","Consolidate into parent page","Low-support county-situation page is too templated to justify standalone indexing outside priority markets."
"indian-river-county-vacant-home.html","county + situation page","D","High","Consolidate into parent page","Low-support county-situation page is too templated to justify standalone indexing outside priority markets."
"indian-river-county.html","county page","A","Medium","Keep indexable now","County hub page is the strongest scalable local asset and can absorb weaker county-situation intent."
"inherited-property-counties.html","utility directory","C","High","Noindex, follow for now","Large county-plus-situation directory pages create crawl paths but are too thin and repetitive for indexing."
"inherited-property-story.html","testimonial / story page","C","High","Noindex, follow for now","Proof-style content depends on composite or unverifiable local claims and should not be used as an index signal."
"inherited-property.html","core service page","A","Medium","Keep indexable now","Strong statewide intent page that can support internal linking into local pages."
"jackson-county-commercial-properties.html","county commercial page","D","High","Consolidate into parent page","Local commercial pages are secondary, thin, and better consolidated into the main commercial hub until deeper market-specific proof exists."
"jackson-county-divorce.html","county + situation page","D","High","Consolidate into parent page","Low-support county-situation page is too templated to justify standalone indexing outside priority markets."
"jackson-county-foreclosure.html","county + situation page","D","High","Consolidate into parent page","Low-support county-situation page is too templated to justify standalone indexing outside priority markets."
"jackson-county-inherited-property.html","county + situation page","D","High","Consolidate into parent page","Low-support county-situation page is too templated to justify standalone indexing outside priority markets."
"jackson-county-probate.html","county + situation page","D","High","Consolidate into parent page","Low-support county-situation page is too templated to justify standalone indexing outside priority markets."
"jackson-county-rental.html","county + situation page","D","High","Consolidate into parent page","Low-support county-situation page is too templated to justify standalone indexing outside priority markets."
"jackson-county-repairs.html","county + situation page","D","High","Consolidate into parent page","Low-support county-situation page is too templated to justify standalone indexing outside priority markets."
"jackson-county-urgent-sale.html","county + situation page","D","High","Consolidate into parent page","Low-support county-situation page is too templated to justify standalone indexing outside priority markets."
"jackson-county-vacant-home.html","county + situation page","D","High","Consolidate into parent page","Low-support county-situation page is too templated to justify standalone indexing outside priority markets."
"jackson-county.html","county page","A","Medium","Keep indexable now","County hub page is the strongest scalable local asset and can absorb weaker county-situation intent."
"jacksonville-commercial-properties.html","city commercial page","D","High","Consolidate into parent page","Local commercial pages are secondary, thin, and better consolidated into the main commercial hub until deeper market-specific proof exists."
"jacksonville.html","city page","A","Medium","Keep indexable now","City page targets strong local demand and supports the surrounding county structure."
"jefferson-county-commercial-properties.html","county commercial page","D","High","Consolidate into parent page","Local commercial pages are secondary, thin, and better consolidated into the main commercial hub until deeper market-specific proof exists."
"jefferson-county-divorce.html","county + situation page","D","High","Consolidate into parent page","Low-support county-situation page is too templated to justify standalone indexing outside priority markets."
"jefferson-county-foreclosure.html","county + situation page","D","High","Consolidate into parent page","Low-support county-situation page is too templated to justify standalone indexing outside priority markets."
"jefferson-county-inherited-property.html","county + situation page","D","High","Consolidate into parent page","Low-support county-situation page is too templated to justify standalone indexing outside priority markets."
"jefferson-county-probate.html","county + situation page","D","High","Consolidate into parent page","Low-support county-situation page is too templated to justify standalone indexing outside priority markets."
"jefferson-county-rental.html","county + situation page","D","High","Consolidate into parent page","Low-support county-situation page is too templated to justify standalone indexing outside priority markets."
"jefferson-county-repairs.html","county + situation page","D","High","Consolidate into parent page","Low-support county-situation page is too templated to justify standalone indexing outside priority markets."
"jefferson-county-urgent-sale.html","county + situation page","D","High","Consolidate into parent page","Low-support county-situation page is too templated to justify standalone indexing outside priority markets."
"jefferson-county-vacant-home.html","county + situation page","D","High","Consolidate into parent page","Low-support county-situation page is too templated to justify standalone indexing outside priority markets."
"jefferson-county.html","county page","A","Medium","Keep indexable now","County hub page is the strongest scalable local asset and can absorb weaker county-situation intent."
"kissimmee-commercial-properties.html","city commercial page","D","High","Consolidate into parent page","Local commercial pages are secondary, thin, and better consolidated into the main commercial hub until deeper market-specific proof exists."
"kissimmee.html","city page","A","Medium","Keep indexable now","City page targets strong local demand and supports the surrounding county structure."
"lafayette-county-commercial-properties.html","county commercial page","D","High","Consolidate into parent page","Local commercial pages are secondary, thin, and better consolidated into the main commercial hub until deeper market-specific proof exists."
"lafayette-county-divorce.html","county + situation page","D","High","Consolidate into parent page","Low-support county-situation page is too templated to justify standalone indexing outside priority markets."
"lafayette-county-foreclosure.html","county + situation page","D","High","Consolidate into parent page","Low-support county-situation page is too templated to justify standalone indexing outside priority markets."
"lafayette-county-inherited-property.html","county + situation page","D","High","Consolidate into parent page","Low-support county-situation page is too templated to justify standalone indexing outside priority markets."
"lafayette-county-probate.html","county + situation page","D","High","Consolidate into parent page","Low-support county-situation page is too templated to justify standalone indexing outside priority markets."
"lafayette-county-rental.html","county + situation page","D","High","Consolidate into parent page","Low-support county-situation page is too templated to justify standalone indexing outside priority markets."
"lafayette-county-repairs.html","county + situation page","D","High","Consolidate into parent page","Low-support county-situation page is too templated to justify standalone indexing outside priority markets."
"lafayette-county-urgent-sale.html","county + situation page","D","High","Consolidate into parent page","Low-support county-situation page is too templated to justify standalone indexing outside priority markets."
"lafayette-county-vacant-home.html","county + situation page","D","High","Consolidate into parent page","Low-support county-situation page is too templated to justify standalone indexing outside priority markets."
"lafayette-county.html","county page","A","Medium","Keep indexable now","County hub page is the strongest scalable local asset and can absorb weaker county-situation intent."
"lake-county-commercial-properties.html","county commercial page","D","High","Consolidate into parent page","Local commercial pages are secondary, thin, and better consolidated into the main commercial hub until deeper market-specific proof exists."
"lake-county-divorce.html","county + situation page","D","High","Consolidate into parent page","Low-support county-situation page is too templated to justify standalone indexing outside priority markets."
"lake-county-foreclosure.html","county + situation page","D","High","Consolidate into parent page","Low-support county-situation page is too templated to justify standalone indexing outside priority markets."
"lake-county-inherited-property.html","county + situation page","D","High","Consolidate into parent page","Low-support county-situation page is too templated to justify standalone indexing outside priority markets."
"lake-county-probate.html","county + situation page","D","High","Consolidate into parent page","Low-support county-situation page is too templated to justify standalone indexing outside priority markets."
"lake-county-rental.html","county + situation page","D","High","Consolidate into parent page","Low-support county-situation page is too templated to justify standalone indexing outside priority markets."
"lake-county-repairs.html","county + situation page","D","High","Consolidate into parent page","Low-support county-situation page is too templated to justify standalone indexing outside priority markets."
"lake-county-urgent-sale.html","county + situation page","D","High","Consolidate into parent page","Low-support county-situation page is too templated to justify standalone indexing outside priority markets."
"lake-county-vacant-home.html","county + situation page","D","High","Consolidate into parent page","Low-support county-situation page is too templated to justify standalone indexing outside priority markets."
"lake-county.html","county page","A","Medium","Keep indexable now","County hub page is the strongest scalable local asset and can absorb weaker county-situation intent."
"lakeland-commercial-properties.html","city commercial page","D","High","Consolidate into parent page","Local commercial pages are secondary, thin, and better consolidated into the main commercial hub until deeper market-specific proof exists."
"lakeland.html","city page","A","Medium","Keep indexable now","City page targets strong local demand and supports the surrounding county structure."
"lee-county-commercial-properties.html","county commercial page","D","High","Consolidate into parent page","Local commercial pages are secondary, thin, and better consolidated into the main commercial hub until deeper market-specific proof exists."
"lee-county-divorce.html","county + situation page","A","Medium","Keep indexable now","Priority county-situation page tied to stronger markets and supported by county, city, and statewide hub links."
"lee-county-foreclosure.html","county + situation page","A","Medium","Keep indexable now","Priority county-situation page tied to stronger markets and supported by county, city, and statewide hub links."
"lee-county-inherited-property.html","county + situation page","A","Medium","Keep indexable now","Priority county-situation page tied to stronger markets and supported by county, city, and statewide hub links."
"lee-county-probate.html","county + situation page","A","Medium","Keep indexable now","Priority county-situation page tied to stronger markets and supported by county, city, and statewide hub links."
"lee-county-rental.html","county + situation page","A","Medium","Keep indexable now","Priority county-situation page tied to stronger markets and supported by county, city, and statewide hub links."
"lee-county-repairs.html","county + situation page","A","Medium","Keep indexable now","Priority county-situation page tied to stronger markets and supported by county, city, and statewide hub links."
"lee-county-urgent-sale.html","county + situation page","D","High","Consolidate into parent page","Low-support county-situation page is too templated to justify standalone indexing outside priority markets."
"lee-county-vacant-home.html","county + situation page","A","Medium","Keep indexable now","Priority county-situation page tied to stronger markets and supported by county, city, and statewide hub links."
"lee-county.html","county page","A","Medium","Keep indexable now","County hub page is the strongest scalable local asset and can absorb weaker county-situation intent."
"leon-county-commercial-properties.html","county commercial page","D","High","Consolidate into parent page","Local commercial pages are secondary, thin, and better consolidated into the main commercial hub until deeper market-specific proof exists."
"leon-county-divorce.html","county + situation page","D","High","Consolidate into parent page","Low-support county-situation page is too templated to justify standalone indexing outside priority markets."
"leon-county-foreclosure.html","county + situation page","D","High","Consolidate into parent page","Low-support county-situation page is too templated to justify standalone indexing outside priority markets."
"leon-county-inherited-property.html","county + situation page","D","High","Consolidate into parent page","Low-support county-situation page is too templated to justify standalone indexing outside priority markets."
"leon-county-probate.html","county + situation page","D","High","Consolidate into parent page","Low-support county-situation page is too templated to justify standalone indexing outside priority markets."
"leon-county-rental.html","county + situation page","D","High","Consolidate into parent page","Low-support county-situation page is too templated to justify standalone indexing outside priority markets."
"leon-county-repairs.html","county + situation page","D","High","Consolidate into parent page","Low-support county-situation page is too templated to justify standalone indexing outside priority markets."
"leon-county-urgent-sale.html","county + situation page","D","High","Consolidate into parent page","Low-support county-situation page is too templated to justify standalone indexing outside priority markets."
"leon-county-vacant-home.html","county + situation page","D","High","Consolidate into parent page","Low-support county-situation page is too templated to justify standalone indexing outside priority markets."
"leon-county.html","county page","A","Medium","Keep indexable now","County hub page is the strongest scalable local asset and can absorb weaker county-situation intent."
"levy-county-commercial-properties.html","county commercial page","D","High","Consolidate into parent page","Local commercial pages are secondary, thin, and better consolidated into the main commercial hub until deeper market-specific proof exists."
"levy-county-divorce.html","county + situation page","D","High","Consolidate into parent page","Low-support county-situation page is too templated to justify standalone indexing outside priority markets."
"levy-county-foreclosure.html","county + situation page","D","High","Consolidate into parent page","Low-support county-situation page is too templated to justify standalone indexing outside priority markets."
"levy-county-inherited-property.html","county + situation page","D","High","Consolidate into parent page","Low-support county-situation page is too templated to justify standalone indexing outside priority markets."
"levy-county-probate.html","county + situation page","D","High","Consolidate into parent page","Low-support county-situation page is too templated to justify standalone indexing outside priority markets."
"levy-county-rental.html","county + situation page","D","High","Consolidate into parent page","Low-support county-situation page is too templated to justify standalone indexing outside priority markets."
"levy-county-repairs.html","county + situation page","D","High","Consolidate into parent page","Low-support county-situation page is too templated to justify standalone indexing outside priority markets."
"levy-county-urgent-sale.html","county + situation page","D","High","Consolidate into parent page","Low-support county-situation page is too templated to justify standalone indexing outside priority markets."
"levy-county-vacant-home.html","county + situation page","D","High","Consolidate into parent page","Low-support county-situation page is too templated to justify standalone indexing outside priority markets."
"levy-county.html","county page","A","Medium","Keep indexable now","County hub page is the strongest scalable local asset and can absorb weaker county-situation intent."
"liberty-county-commercial-properties.html","county commercial page","D","High","Consolidate into parent page","Local commercial pages are secondary, thin, and better consolidated into the main commercial hub until deeper market-specific proof exists."
"liberty-county-divorce.html","county + situation page","D","High","Consolidate into parent page","Low-support county-situation page is too templated to justify standalone indexing outside priority markets."
"liberty-county-foreclosure.html","county + situation page","D","High","Consolidate into parent page","Low-support county-situation page is too templated to justify standalone indexing outside priority markets."
"liberty-county-inherited-property.html","county + situation page","D","High","Consolidate into parent page","Low-support county-situation page is too templated to justify standalone indexing outside priority markets."
"liberty-county-probate.html","county + situation page","D","High","Consolidate into parent page","Low-support county-situation page is too templated to justify standalone indexing outside priority markets."
"liberty-county-rental.html","county + situation page","D","High","Consolidate into parent page","Low-support county-situation page is too templated to justify standalone indexing outside priority markets."
"liberty-county-repairs.html","county + situation page","D","High","Consolidate into parent page","Low-support county-situation page is too templated to justify standalone indexing outside priority markets."
"liberty-county-urgent-sale.html","county + situation page","D","High","Consolidate into parent page","Low-support county-situation page is too templated to justify standalone indexing outside priority markets."
"liberty-county-vacant-home.html","county + situation page","D","High","Consolidate into parent page","Low-support county-situation page is too templated to justify standalone indexing outside priority markets."
"liberty-county.html","county page","A","Medium","Keep indexable now","County hub page is the strongest scalable local asset and can absorb weaker county-situation intent."
"madison-county-commercial-properties.html","county commercial page","D","High","Consolidate into parent page","Local commercial pages are secondary, thin, and better consolidated into the main commercial hub until deeper market-specific proof exists."
"madison-county-divorce.html","county + situation page","D","High","Consolidate into parent page","Low-support county-situation page is too templated to justify standalone indexing outside priority markets."
"madison-county-foreclosure.html","county + situation page","D","High","Consolidate into parent page","Low-support county-situation page is too templated to justify standalone indexing outside priority markets."
"madison-county-inherited-property.html","county + situation page","D","High","Consolidate into parent page","Low-support county-situation page is too templated to justify standalone indexing outside priority markets."
"madison-county-probate.html","county + situation page","D","High","Consolidate into parent page","Low-support county-situation page is too templated to justify standalone indexing outside priority markets."
"madison-county-rental.html","county + situation page","D","High","Consolidate into parent page","Low-support county-situation page is too templated to justify standalone indexing outside priority markets."
"madison-county-repairs.html","county + situation page","D","High","Consolidate into parent page","Low-support county-situation page is too templated to justify standalone indexing outside priority markets."
"madison-county-urgent-sale.html","county + situation page","D","High","Consolidate into parent page","Low-support county-situation page is too templated to justify standalone indexing outside priority markets."
"madison-county-vacant-home.html","county + situation page","D","High","Consolidate into parent page","Low-support county-situation page is too templated to justify standalone indexing outside priority markets."
"madison-county.html","county page","A","Medium","Keep indexable now","County hub page is the strongest scalable local asset and can absorb weaker county-situation intent."
"major-repairs-needed-counties.html","utility directory","C","High","Noindex, follow for now","Large county-plus-situation directory pages create crawl paths but are too thin and repetitive for indexing."
"major-repairs-needed.html","core service page","A","Medium","Keep indexable now","Strong statewide intent page that can support internal linking into local pages."
"major-repairs-story.html","testimonial / story page","C","High","Noindex, follow for now","Proof-style content depends on composite or unverifiable local claims and should not be used as an index signal."
"manatee-county-commercial-properties.html","county commercial page","D","High","Consolidate into parent page","Local commercial pages are secondary, thin, and better consolidated into the main commercial hub until deeper market-specific proof exists."
"manatee-county-divorce.html","county + situation page","D","High","Consolidate into parent page","Low-support county-situation page is too templated to justify standalone indexing outside priority markets."
"manatee-county-foreclosure.html","county + situation page","D","High","Consolidate into parent page","Low-support county-situation page is too templated to justify standalone indexing outside priority markets."
"manatee-county-inherited-property.html","county + situation page","D","High","Consolidate into parent page","Low-support county-situation page is too templated to justify standalone indexing outside priority markets."
"manatee-county-probate.html","county + situation page","D","High","Consolidate into parent page","Low-support county-situation page is too templated to justify standalone indexing outside priority markets."
"manatee-county-rental.html","county + situation page","D","High","Consolidate into parent page","Low-support county-situation page is too templated to justify standalone indexing outside priority markets."
"manatee-county-repairs.html","county + situation page","D","High","Consolidate into parent page","Low-support county-situation page is too templated to justify standalone indexing outside priority markets."
"manatee-county-urgent-sale.html","county + situation page","D","High","Consolidate into parent page","Low-support county-situation page is too templated to justify standalone indexing outside priority markets."
"manatee-county-vacant-home.html","county + situation page","D","High","Consolidate into parent page","Low-support county-situation page is too templated to justify standalone indexing outside priority markets."
"manatee-county.html","county page","A","Medium","Keep indexable now","County hub page is the strongest scalable local asset and can absorb weaker county-situation intent."
"marion-county-commercial-properties.html","county commercial page","D","High","Consolidate into parent page","Local commercial pages are secondary, thin, and better consolidated into the main commercial hub until deeper market-specific proof exists."
"marion-county-divorce.html","county + situation page","D","High","Consolidate into parent page","Low-support county-situation page is too templated to justify standalone indexing outside priority markets."
"marion-county-foreclosure.html","county + situation page","D","High","Consolidate into parent page","Low-support county-situation page is too templated to justify standalone indexing outside priority markets."
"marion-county-inherited-property.html","county + situation page","A","Medium","Keep indexable now","Priority county-situation page tied to stronger markets and supported by county, city, and statewide hub links."
"marion-county-probate.html","county + situation page","A","Medium","Keep indexable now","Priority county-situation page tied to stronger markets and supported by county, city, and statewide hub links."
"marion-county-rental.html","county + situation page","D","High","Consolidate into parent page","Low-support county-situation page is too templated to justify standalone indexing outside priority markets."
"marion-county-repairs.html","county + situation page","D","High","Consolidate into parent page","Low-support county-situation page is too templated to justify standalone indexing outside priority markets."
"marion-county-urgent-sale.html","county + situation page","D","High","Consolidate into parent page","Low-support county-situation page is too templated to justify standalone indexing outside priority markets."
"marion-county-vacant-home.html","county + situation page","A","Medium","Keep indexable now","Priority county-situation page tied to stronger markets and supported by county, city, and statewide hub links."
"marion-county.html","county page","A","Medium","Keep indexable now","County hub page is the strongest scalable local asset and can absorb weaker county-situation intent."
"martin-county-commercial-properties.html","county commercial page","D","High","Consolidate into parent page","Local commercial pages are secondary, thin, and better consolidated into the main commercial hub until deeper market-specific proof exists."
"martin-county-divorce.html","county + situation page","D","High","Consolidate into parent page","Low-support county-situation page is too templated to justify standalone indexing outside priority markets."
"martin-county-foreclosure.html","county + situation page","D","High","Consolidate into parent page","Low-support county-situation page is too templated to justify standalone indexing outside priority markets."
"martin-county-inherited-property.html","county + situation page","D","High","Consolidate into parent page","Low-support county-situation page is too templated to justify standalone indexing outside priority markets."
"martin-county-probate.html","county + situation page","D","High","Consolidate into parent page","Low-support county-situation page is too templated to justify standalone indexing outside priority markets."
"martin-county-rental.html","county + situation page","D","High","Consolidate into parent page","Low-support county-situation page is too templated to justify standalone indexing outside priority markets."
"martin-county-repairs.html","county + situation page","D","High","Consolidate into parent page","Low-support county-situation page is too templated to justify standalone indexing outside priority markets."
"martin-county-urgent-sale.html","county + situation page","D","High","Consolidate into parent page","Low-support county-situation page is too templated to justify standalone indexing outside priority markets."
"martin-county-vacant-home.html","county + situation page","D","High","Consolidate into parent page","Low-support county-situation page is too templated to justify standalone indexing outside priority markets."
"martin-county.html","county page","A","Medium","Keep indexable now","County hub page is the strongest scalable local asset and can absorb weaker county-situation intent."
"melbourne-commercial-properties.html","city commercial page","D","High","Consolidate into parent page","Local commercial pages are secondary, thin, and better consolidated into the main commercial hub until deeper market-specific proof exists."
"melbourne.html","city page","A","Medium","Keep indexable now","City page targets strong local demand and supports the surrounding county structure."
"miami-commercial-properties.html","city commercial page","D","High","Consolidate into parent page","Local commercial pages are secondary, thin, and better consolidated into the main commercial hub until deeper market-specific proof exists."
"miami-dade-county-commercial-properties.html","county commercial page","D","High","Consolidate into parent page","Local commercial pages are secondary, thin, and better consolidated into the main commercial hub until deeper market-specific proof exists."
"miami-dade-county-divorce.html","county + situation page","D","High","Consolidate into parent page","Low-support county-situation page is too templated to justify standalone indexing outside priority markets."
"miami-dade-county-foreclosure.html","county + situation page","A","Medium","Keep indexable now","Priority county-situation page tied to stronger markets and supported by county, city, and statewide hub links."
"miami-dade-county-inherited-property.html","county + situation page","D","High","Consolidate into parent page","Low-support county-situation page is too templated to justify standalone indexing outside priority markets."
"miami-dade-county-probate.html","county + situation page","A","Medium","Keep indexable now","Priority county-situation page tied to stronger markets and supported by county, city, and statewide hub links."
"miami-dade-county-rental.html","county + situation page","A","Medium","Keep indexable now","Priority county-situation page tied to stronger markets and supported by county, city, and statewide hub links."
"miami-dade-county-repairs.html","county + situation page","D","High","Consolidate into parent page","Low-support county-situation page is too templated to justify standalone indexing outside priority markets."
"miami-dade-county-urgent-sale.html","county + situation page","D","High","Consolidate into parent page","Low-support county-situation page is too templated to justify standalone indexing outside priority markets."
"miami-dade-county-vacant-home.html","county + situation page","D","High","Consolidate into parent page","Low-support county-situation page is too templated to justify standalone indexing outside priority markets."
"miami-dade-county.html","county page","A","Medium","Keep indexable now","County hub page is the strongest scalable local asset and can absorb weaker county-situation intent."
"miami.html","city page","A","Medium","Keep indexable now","City page targets strong local demand and supports the surrounding county structure."
"monroe-county-commercial-properties.html","county commercial page","D","High","Consolidate into parent page","Local commercial pages are secondary, thin, and better consolidated into the main commercial hub until deeper market-specific proof exists."
"monroe-county-divorce.html","county + situation page","D","High","Consolidate into parent page","Low-support county-situation page is too templated to justify standalone indexing outside priority markets."
"monroe-county-foreclosure.html","county + situation page","D","High","Consolidate into parent page","Low-support county-situation page is too templated to justify standalone indexing outside priority markets."
"monroe-county-inherited-property.html","county + situation page","D","High","Consolidate into parent page","Low-support county-situation page is too templated to justify standalone indexing outside priority markets."
"monroe-county-probate.html","county + situation page","D","High","Consolidate into parent page","Low-support county-situation page is too templated to justify standalone indexing outside priority markets."
"monroe-county-rental.html","county + situation page","D","High","Consolidate into parent page","Low-support county-situation page is too templated to justify standalone indexing outside priority markets."
"monroe-county-repairs.html","county + situation page","D","High","Consolidate into parent page","Low-support county-situation page is too templated to justify standalone indexing outside priority markets."
"monroe-county-urgent-sale.html","county + situation page","D","High","Consolidate into parent page","Low-support county-situation page is too templated to justify standalone indexing outside priority markets."
"monroe-county-vacant-home.html","county + situation page","D","High","Consolidate into parent page","Low-support county-situation page is too templated to justify standalone indexing outside priority markets."
"monroe-county.html","county page","A","Medium","Keep indexable now","County hub page is the strongest scalable local asset and can absorb weaker county-situation intent."
"nassau-county-commercial-properties.html","county commercial page","D","High","Consolidate into parent page","Local commercial pages are secondary, thin, and better consolidated into the main commercial hub until deeper market-specific proof exists."
"nassau-county-divorce.html","county + situation page","D","High","Consolidate into parent page","Low-support county-situation page is too templated to justify standalone indexing outside priority markets."
"nassau-county-foreclosure.html","county + situation page","D","High","Consolidate into parent page","Low-support county-situation page is too templated to justify standalone indexing outside priority markets."
"nassau-county-inherited-property.html","county + situation page","D","High","Consolidate into parent page","Low-support county-situation page is too templated to justify standalone indexing outside priority markets."
"nassau-county-probate.html","county + situation page","D","High","Consolidate into parent page","Low-support county-situation page is too templated to justify standalone indexing outside priority markets."
"nassau-county-rental.html","county + situation page","D","High","Consolidate into parent page","Low-support county-situation page is too templated to justify standalone indexing outside priority markets."
"nassau-county-repairs.html","county + situation page","D","High","Consolidate into parent page","Low-support county-situation page is too templated to justify standalone indexing outside priority markets."
"nassau-county-urgent-sale.html","county + situation page","D","High","Consolidate into parent page","Low-support county-situation page is too templated to justify standalone indexing outside priority markets."
"nassau-county-vacant-home.html","county + situation page","D","High","Consolidate into parent page","Low-support county-situation page is too templated to justify standalone indexing outside priority markets."
"nassau-county.html","county page","A","Medium","Keep indexable now","County hub page is the strongest scalable local asset and can absorb weaker county-situation intent."
"north-florida.html","regional hub","A","Low","Keep indexable now","Regional hub supports discovery and connects city and county clusters."
"okaloosa-county-commercial-properties.html","county commercial page","D","High","Consolidate into parent page","Local commercial pages are secondary, thin, and better consolidated into the main commercial hub until deeper market-specific proof exists."
"okaloosa-county-divorce.html","county + situation page","D","High","Consolidate into parent page","Low-support county-situation page is too templated to justify standalone indexing outside priority markets."
"okaloosa-county-foreclosure.html","county + situation page","D","High","Consolidate into parent page","Low-support county-situation page is too templated to justify standalone indexing outside priority markets."
"okaloosa-county-inherited-property.html","county + situation page","D","High","Consolidate into parent page","Low-support county-situation page is too templated to justify standalone indexing outside priority markets."
"okaloosa-county-probate.html","county + situation page","D","High","Consolidate into parent page","Low-support county-situation page is too templated to justify standalone indexing outside priority markets."
"okaloosa-county-rental.html","county + situation page","D","High","Consolidate into parent page","Low-support county-situation page is too templated to justify standalone indexing outside priority markets."
"okaloosa-county-repairs.html","county + situation page","D","High","Consolidate into parent page","Low-support county-situation page is too templated to justify standalone indexing outside priority markets."
"okaloosa-county-urgent-sale.html","county + situation page","D","High","Consolidate into parent page","Low-support county-situation page is too templated to justify standalone indexing outside priority markets."
"okaloosa-county-vacant-home.html","county + situation page","D","High","Consolidate into parent page","Low-support county-situation page is too templated to justify standalone indexing outside priority markets."
"okaloosa-county.html","county page","A","Medium","Keep indexable now","County hub page is the strongest scalable local asset and can absorb weaker county-situation intent."
"okeechobee-county-commercial-properties.html","county commercial page","D","High","Consolidate into parent page","Local commercial pages are secondary, thin, and better consolidated into the main commercial hub until deeper market-specific proof exists."
"okeechobee-county-divorce.html","county + situation page","D","High","Consolidate into parent page","Low-support county-situation page is too templated to justify standalone indexing outside priority markets."
"okeechobee-county-foreclosure.html","county + situation page","D","High","Consolidate into parent page","Low-support county-situation page is too templated to justify standalone indexing outside priority markets."
"okeechobee-county-inherited-property.html","county + situation page","D","High","Consolidate into parent page","Low-support county-situation page is too templated to justify standalone indexing outside priority markets."
"okeechobee-county-probate.html","county + situation page","D","High","Consolidate into parent page","Low-support county-situation page is too templated to justify standalone indexing outside priority markets."
"okeechobee-county-rental.html","county + situation page","D","High","Consolidate into parent page","Low-support county-situation page is too templated to justify standalone indexing outside priority markets."
"okeechobee-county-repairs.html","county + situation page","D","High","Consolidate into parent page","Low-support county-situation page is too templated to justify standalone indexing outside priority markets."
"okeechobee-county-urgent-sale.html","county + situation page","D","High","Consolidate into parent page","Low-support county-situation page is too templated to justify standalone indexing outside priority markets."
"okeechobee-county-vacant-home.html","county + situation page","D","High","Consolidate into parent page","Low-support county-situation page is too templated to justify standalone indexing outside priority markets."
"okeechobee-county.html","county page","A","Medium","Keep indexable now","County hub page is the strongest scalable local asset and can absorb weaker county-situation intent."
"orange-county-commercial-properties.html","county commercial page","D","High","Consolidate into parent page","Local commercial pages are secondary, thin, and better consolidated into the main commercial hub until deeper market-specific proof exists."
"orange-county-divorce.html","county + situation page","A","Medium","Keep indexable now","Priority county-situation page tied to stronger markets and supported by county, city, and statewide hub links."
"orange-county-foreclosure.html","county + situation page","A","Medium","Keep indexable now","Priority county-situation page tied to stronger markets and supported by county, city, and statewide hub links."
"orange-county-inherited-property.html","county + situation page","A","Medium","Keep indexable now","Priority county-situation page tied to stronger markets and supported by county, city, and statewide hub links."
"orange-county-probate.html","county + situation page","A","Medium","Keep indexable now","Priority county-situation page tied to stronger markets and supported by county, city, and statewide hub links."
"orange-county-rental.html","county + situation page","A","Medium","Keep indexable now","Priority county-situation page tied to stronger markets and supported by county, city, and statewide hub links."
"orange-county-repairs.html","county + situation page","A","Medium","Keep indexable now","Priority county-situation page tied to stronger markets and supported by county, city, and statewide hub links."
"orange-county-urgent-sale.html","county + situation page","A","Medium","Keep indexable now","Priority county-situation page tied to stronger markets and supported by county, city, and statewide hub links."
"orange-county-vacant-home.html","county + situation page","A","Medium","Keep indexable now","Priority county-situation page tied to stronger markets and supported by county, city, and statewide hub links."
"orange-county.html","county page","A","Medium","Keep indexable now","County hub page is the strongest scalable local asset and can absorb weaker county-situation intent."
"orlando-commercial-properties.html","city commercial page","D","High","Consolidate into parent page","Local commercial pages are secondary, thin, and better consolidated into the main commercial hub until deeper market-specific proof exists."
"orlando.html","city page","A","Medium","Keep indexable now","City page targets strong local demand and supports the surrounding county structure."
"osceola-county-commercial-properties.html","county commercial page","D","High","Consolidate into parent page","Local commercial pages are secondary, thin, and better consolidated into the main commercial hub until deeper market-specific proof exists."
"osceola-county-divorce.html","county + situation page","A","Medium","Keep indexable now","Priority county-situation page tied to stronger markets and supported by county, city, and statewide hub links."
"osceola-county-foreclosure.html","county + situation page","A","Medium","Keep indexable now","Priority county-situation page tied to stronger markets and supported by county, city, and statewide hub links."
"osceola-county-inherited-property.html","county + situation page","D","High","Consolidate into parent page","Low-support county-situation page is too templated to justify standalone indexing outside priority markets."
"osceola-county-probate.html","county + situation page","D","High","Consolidate into parent page","Low-support county-situation page is too templated to justify standalone indexing outside priority markets."
"osceola-county-rental.html","county + situation page","A","Medium","Keep indexable now","Priority county-situation page tied to stronger markets and supported by county, city, and statewide hub links."
"osceola-county-repairs.html","county + situation page","D","High","Consolidate into parent page","Low-support county-situation page is too templated to justify standalone indexing outside priority markets."
"osceola-county-urgent-sale.html","county + situation page","A","Medium","Keep indexable now","Priority county-situation page tied to stronger markets and supported by county, city, and statewide hub links."
"osceola-county-vacant-home.html","county + situation page","D","High","Consolidate into parent page","Low-support county-situation page is too templated to justify standalone indexing outside priority markets."
"osceola-county.html","county page","A","Medium","Keep indexable now","County hub page is the strongest scalable local asset and can absorb weaker county-situation intent."
"palm-beach-county-commercial-properties.html","county commercial page","D","High","Consolidate into parent page","Local commercial pages are secondary, thin, and better consolidated into the main commercial hub until deeper market-specific proof exists."
"palm-beach-county-divorce.html","county + situation page","A","Medium","Keep indexable now","Priority county-situation page tied to stronger markets and supported by county, city, and statewide hub links."
"palm-beach-county-foreclosure.html","county + situation page","D","High","Consolidate into parent page","Low-support county-situation page is too templated to justify standalone indexing outside priority markets."
"palm-beach-county-inherited-property.html","county + situation page","A","Medium","Keep indexable now","Priority county-situation page tied to stronger markets and supported by county, city, and statewide hub links."
"palm-beach-county-probate.html","county + situation page","A","Medium","Keep indexable now","Priority county-situation page tied to stronger markets and supported by county, city, and statewide hub links."
"palm-beach-county-rental.html","county + situation page","D","High","Consolidate into parent page","Low-support county-situation page is too templated to justify standalone indexing outside priority markets."
"palm-beach-county-repairs.html","county + situation page","D","High","Consolidate into parent page","Low-support county-situation page is too templated to justify standalone indexing outside priority markets."
"palm-beach-county-urgent-sale.html","county + situation page","D","High","Consolidate into parent page","Low-support county-situation page is too templated to justify standalone indexing outside priority markets."
"palm-beach-county-vacant-home.html","county + situation page","D","High","Consolidate into parent page","Low-support county-situation page is too templated to justify standalone indexing outside priority markets."
"palm-beach-county.html","county page","A","Medium","Keep indexable now","County hub page is the strongest scalable local asset and can absorb weaker county-situation intent."
"pasco-county-commercial-properties.html","county commercial page","D","High","Consolidate into parent page","Local commercial pages are secondary, thin, and better consolidated into the main commercial hub until deeper market-specific proof exists."
"pasco-county-divorce.html","county + situation page","D","High","Consolidate into parent page","Low-support county-situation page is too templated to justify standalone indexing outside priority markets."
"pasco-county-foreclosure.html","county + situation page","D","High","Consolidate into parent page","Low-support county-situation page is too templated to justify standalone indexing outside priority markets."
"pasco-county-inherited-property.html","county + situation page","A","Medium","Keep indexable now","Priority county-situation page tied to stronger markets and supported by county, city, and statewide hub links."
"pasco-county-probate.html","county + situation page","A","Medium","Keep indexable now","Priority county-situation page tied to stronger markets and supported by county, city, and statewide hub links."
"pasco-county-rental.html","county + situation page","D","High","Consolidate into parent page","Low-support county-situation page is too templated to justify standalone indexing outside priority markets."
"pasco-county-repairs.html","county + situation page","D","High","Consolidate into parent page","Low-support county-situation page is too templated to justify standalone indexing outside priority markets."
"pasco-county-urgent-sale.html","county + situation page","D","High","Consolidate into parent page","Low-support county-situation page is too templated to justify standalone indexing outside priority markets."
"pasco-county-vacant-home.html","county + situation page","A","Medium","Keep indexable now","Priority county-situation page tied to stronger markets and supported by county, city, and statewide hub links."
"pasco-county.html","county page","A","Medium","Keep indexable now","County hub page is the strongest scalable local asset and can absorb weaker county-situation intent."
"pensacola-commercial-properties.html","city commercial page","D","High","Consolidate into parent page","Local commercial pages are secondary, thin, and better consolidated into the main commercial hub until deeper market-specific proof exists."
"pensacola.html","city page","A","Medium","Keep indexable now","City page targets strong local demand and supports the surrounding county structure."
"pinellas-county-commercial-properties.html","county commercial page","D","High","Consolidate into parent page","Local commercial pages are secondary, thin, and better consolidated into the main commercial hub until deeper market-specific proof exists."
"pinellas-county-divorce.html","county + situation page","A","Medium","Keep indexable now","Priority county-situation page tied to stronger markets and supported by county, city, and statewide hub links."
"pinellas-county-foreclosure.html","county + situation page","A","Medium","Keep indexable now","Priority county-situation page tied to stronger markets and supported by county, city, and statewide hub links."
"pinellas-county-inherited-property.html","county + situation page","D","High","Consolidate into parent page","Low-support county-situation page is too templated to justify standalone indexing outside priority markets."
"pinellas-county-probate.html","county + situation page","D","High","Consolidate into parent page","Low-support county-situation page is too templated to justify standalone indexing outside priority markets."
"pinellas-county-rental.html","county + situation page","A","Medium","Keep indexable now","Priority county-situation page tied to stronger markets and supported by county, city, and statewide hub links."
"pinellas-county-repairs.html","county + situation page","A","Medium","Keep indexable now","Priority county-situation page tied to stronger markets and supported by county, city, and statewide hub links."
"pinellas-county-urgent-sale.html","county + situation page","A","Medium","Keep indexable now","Priority county-situation page tied to stronger markets and supported by county, city, and statewide hub links."
"pinellas-county-vacant-home.html","county + situation page","D","High","Consolidate into parent page","Low-support county-situation page is too templated to justify standalone indexing outside priority markets."
"pinellas-county.html","county page","A","Medium","Keep indexable now","County hub page is the strongest scalable local asset and can absorb weaker county-situation intent."
"polk-county-commercial-properties.html","county commercial page","D","High","Consolidate into parent page","Local commercial pages are secondary, thin, and better consolidated into the main commercial hub until deeper market-specific proof exists."
"polk-county-divorce.html","county + situation page","A","Medium","Keep indexable now","Priority county-situation page tied to stronger markets and supported by county, city, and statewide hub links."
"polk-county-foreclosure.html","county + situation page","A","Medium","Keep indexable now","Priority county-situation page tied to stronger markets and supported by county, city, and statewide hub links."
"polk-county-inherited-property.html","county + situation page","D","High","Consolidate into parent page","Low-support county-situation page is too templated to justify standalone indexing outside priority markets."
"polk-county-probate.html","county + situation page","D","High","Consolidate into parent page","Low-support county-situation page is too templated to justify standalone indexing outside priority markets."
"polk-county-rental.html","county + situation page","A","Medium","Keep indexable now","Priority county-situation page tied to stronger markets and supported by county, city, and statewide hub links."
"polk-county-repairs.html","county + situation page","A","Medium","Keep indexable now","Priority county-situation page tied to stronger markets and supported by county, city, and statewide hub links."
"polk-county-urgent-sale.html","county + situation page","A","Medium","Keep indexable now","Priority county-situation page tied to stronger markets and supported by county, city, and statewide hub links."
"polk-county-vacant-home.html","county + situation page","D","High","Consolidate into parent page","Low-support county-situation page is too templated to justify standalone indexing outside priority markets."
"polk-county.html","county page","A","Medium","Keep indexable now","County hub page is the strongest scalable local asset and can absorb weaker county-situation intent."
"port-st-lucie-commercial-properties.html","city commercial page","D","High","Consolidate into parent page","Local commercial pages are secondary, thin, and better consolidated into the main commercial hub until deeper market-specific proof exists."
"port-st-lucie.html","city page","A","Medium","Keep indexable now","City page targets strong local demand and supports the surrounding county structure."
"probate-complexity-counties.html","utility directory","C","High","Noindex, follow for now","Large county-plus-situation directory pages create crawl paths but are too thin and repetitive for indexing."
"probate-complexity-story.html","testimonial / story page","C","High","Noindex, follow for now","Proof-style content depends on composite or unverifiable local claims and should not be used as an index signal."
"probate-complexity.html","core service page","A","Medium","Keep indexable now","Strong statewide intent page that can support internal linking into local pages."
"putnam-county-commercial-properties.html","county commercial page","D","High","Consolidate into parent page","Local commercial pages are secondary, thin, and better consolidated into the main commercial hub until deeper market-specific proof exists."
"putnam-county-divorce.html","county + situation page","D","High","Consolidate into parent page","Low-support county-situation page is too templated to justify standalone indexing outside priority markets."
"putnam-county-foreclosure.html","county + situation page","D","High","Consolidate into parent page","Low-support county-situation page is too templated to justify standalone indexing outside priority markets."
"putnam-county-inherited-property.html","county + situation page","D","High","Consolidate into parent page","Low-support county-situation page is too templated to justify standalone indexing outside priority markets."
"putnam-county-probate.html","county + situation page","D","High","Consolidate into parent page","Low-support county-situation page is too templated to justify standalone indexing outside priority markets."
"putnam-county-rental.html","county + situation page","D","High","Consolidate into parent page","Low-support county-situation page is too templated to justify standalone indexing outside priority markets."
"putnam-county-repairs.html","county + situation page","D","High","Consolidate into parent page","Low-support county-situation page is too templated to justify standalone indexing outside priority markets."
"putnam-county-urgent-sale.html","county + situation page","D","High","Consolidate into parent page","Low-support county-situation page is too templated to justify standalone indexing outside priority markets."
"putnam-county-vacant-home.html","county + situation page","D","High","Consolidate into parent page","Low-support county-situation page is too templated to justify standalone indexing outside priority markets."
"putnam-county.html","county page","A","Medium","Keep indexable now","County hub page is the strongest scalable local asset and can absorb weaker county-situation intent."
"relocating-from-florida.html","blog page","C","Medium","Noindex, follow for now","Support guide is currently under-supported and should stay out of the index until it earns stronger internal linking and editorial depth."
"santa-rosa-county-commercial-properties.html","county commercial page","D","High","Consolidate into parent page","Local commercial pages are secondary, thin, and better consolidated into the main commercial hub until deeper market-specific proof exists."
"santa-rosa-county-divorce.html","county + situation page","D","High","Consolidate into parent page","Low-support county-situation page is too templated to justify standalone indexing outside priority markets."
"santa-rosa-county-foreclosure.html","county + situation page","D","High","Consolidate into parent page","Low-support county-situation page is too templated to justify standalone indexing outside priority markets."
"santa-rosa-county-inherited-property.html","county + situation page","D","High","Consolidate into parent page","Low-support county-situation page is too templated to justify standalone indexing outside priority markets."
"santa-rosa-county-probate.html","county + situation page","D","High","Consolidate into parent page","Low-support county-situation page is too templated to justify standalone indexing outside priority markets."
"santa-rosa-county-rental.html","county + situation page","D","High","Consolidate into parent page","Low-support county-situation page is too templated to justify standalone indexing outside priority markets."
"santa-rosa-county-repairs.html","county + situation page","D","High","Consolidate into parent page","Low-support county-situation page is too templated to justify standalone indexing outside priority markets."
"santa-rosa-county-urgent-sale.html","county + situation page","D","High","Consolidate into parent page","Low-support county-situation page is too templated to justify standalone indexing outside priority markets."
"santa-rosa-county-vacant-home.html","county + situation page","D","High","Consolidate into parent page","Low-support county-situation page is too templated to justify standalone indexing outside priority markets."
"santa-rosa-county.html","county page","A","Medium","Keep indexable now","County hub page is the strongest scalable local asset and can absorb weaker county-situation intent."
"sarasota-commercial-properties.html","city commercial page","D","High","Consolidate into parent page","Local commercial pages are secondary, thin, and better consolidated into the main commercial hub until deeper market-specific proof exists."
"sarasota-county-commercial-properties.html","county commercial page","D","High","Consolidate into parent page","Local commercial pages are secondary, thin, and better consolidated into the main commercial hub until deeper market-specific proof exists."
"sarasota-county-divorce.html","county + situation page","D","High","Consolidate into parent page","Low-support county-situation page is too templated to justify standalone indexing outside priority markets."
"sarasota-county-foreclosure.html","county + situation page","D","High","Consolidate into parent page","Low-support county-situation page is too templated to justify standalone indexing outside priority markets."
"sarasota-county-inherited-property.html","county + situation page","D","High","Consolidate into parent page","Low-support county-situation page is too templated to justify standalone indexing outside priority markets."
"sarasota-county-probate.html","county + situation page","D","High","Consolidate into parent page","Low-support county-situation page is too templated to justify standalone indexing outside priority markets."
"sarasota-county-rental.html","county + situation page","D","High","Consolidate into parent page","Low-support county-situation page is too templated to justify standalone indexing outside priority markets."
"sarasota-county-repairs.html","county + situation page","D","High","Consolidate into parent page","Low-support county-situation page is too templated to justify standalone indexing outside priority markets."
"sarasota-county-urgent-sale.html","county + situation page","D","High","Consolidate into parent page","Low-support county-situation page is too templated to justify standalone indexing outside priority markets."
"sarasota-county-vacant-home.html","county + situation page","A","Medium","Keep indexable now","Priority county-situation page tied to stronger markets and supported by county, city, and statewide hub links."
"sarasota-county.html","county page","A","Medium","Keep indexable now","County hub page is the strongest scalable local asset and can absorb weaker county-situation intent."
"sarasota.html","city page","A","Medium","Keep indexable now","City page targets strong local demand and supports the surrounding county structure."
"sell-house-fast-before-relocating-miami-miami-dade-county.html","blog page","C","High","Noindex, follow for now","Proof-style content depends on composite or unverifiable local claims and should not be used as an index signal."
"sell-house-fast-with-major-repairs-orlando-orange-county.html","blog page","C","High","Noindex, follow for now","Proof-style content depends on composite or unverifiable local claims and should not be used as an index signal."
"sell-inherited-house-fast-orlando-orange-county.html","blog page","C","High","Noindex, follow for now","Proof-style content depends on composite or unverifiable local claims and should not be used as an index signal."
"seminole-county-commercial-properties.html","county commercial page","D","High","Consolidate into parent page","Local commercial pages are secondary, thin, and better consolidated into the main commercial hub until deeper market-specific proof exists."
"seminole-county-divorce.html","county + situation page","D","High","Consolidate into parent page","Low-support county-situation page is too templated to justify standalone indexing outside priority markets."
"seminole-county-foreclosure.html","county + situation page","D","High","Consolidate into parent page","Low-support county-situation page is too templated to justify standalone indexing outside priority markets."
"seminole-county-inherited-property.html","county + situation page","D","High","Consolidate into parent page","Low-support county-situation page is too templated to justify standalone indexing outside priority markets."
"seminole-county-probate.html","county + situation page","D","High","Consolidate into parent page","Low-support county-situation page is too templated to justify standalone indexing outside priority markets."
"seminole-county-rental.html","county + situation page","D","High","Consolidate into parent page","Low-support county-situation page is too templated to justify standalone indexing outside priority markets."
"seminole-county-repairs.html","county + situation page","D","High","Consolidate into parent page","Low-support county-situation page is too templated to justify standalone indexing outside priority markets."
"seminole-county-urgent-sale.html","county + situation page","D","High","Consolidate into parent page","Low-support county-situation page is too templated to justify standalone indexing outside priority markets."
"seminole-county-vacant-home.html","county + situation page","D","High","Consolidate into parent page","Low-support county-situation page is too templated to justify standalone indexing outside priority markets."
"seminole-county.html","county page","A","Medium","Keep indexable now","County hub page is the strongest scalable local asset and can absorb weaker county-situation intent."
"seo-audit-dashboard.html","utility page","C","High","Noindex, follow for now","Utility or test page that should stay out of the production index."
"service-areas.html","regional hub","A","Low","Keep indexable now","Core conversion or discovery page with clear statewide business relevance."
"situations.html","core service page","A","Low","Keep indexable now","Core conversion or discovery page with clear statewide business relevance."
"south-florida.html","regional hub","A","Low","Keep indexable now","Regional hub supports discovery and connects city and county clusters."
"st-johns-county-commercial-properties.html","county commercial page","D","High","Consolidate into parent page","Local commercial pages are secondary, thin, and better consolidated into the main commercial hub until deeper market-specific proof exists."
"st-johns-county-divorce.html","county + situation page","D","High","Consolidate into parent page","Low-support county-situation page is too templated to justify standalone indexing outside priority markets."
"st-johns-county-foreclosure.html","county + situation page","D","High","Consolidate into parent page","Low-support county-situation page is too templated to justify standalone indexing outside priority markets."
"st-johns-county-inherited-property.html","county + situation page","D","High","Consolidate into parent page","Low-support county-situation page is too templated to justify standalone indexing outside priority markets."
"st-johns-county-probate.html","county + situation page","D","High","Consolidate into parent page","Low-support county-situation page is too templated to justify standalone indexing outside priority markets."
"st-johns-county-rental.html","county + situation page","D","High","Consolidate into parent page","Low-support county-situation page is too templated to justify standalone indexing outside priority markets."
"st-johns-county-repairs.html","county + situation page","D","High","Consolidate into parent page","Low-support county-situation page is too templated to justify standalone indexing outside priority markets."
"st-johns-county-urgent-sale.html","county + situation page","D","High","Consolidate into parent page","Low-support county-situation page is too templated to justify standalone indexing outside priority markets."
"st-johns-county-vacant-home.html","county + situation page","D","High","Consolidate into parent page","Low-support county-situation page is too templated to justify standalone indexing outside priority markets."
"st-johns-county.html","county page","A","Medium","Keep indexable now","County hub page is the strongest scalable local asset and can absorb weaker county-situation intent."
"st-lucie-county-commercial-properties.html","county commercial page","D","High","Consolidate into parent page","Local commercial pages are secondary, thin, and better consolidated into the main commercial hub until deeper market-specific proof exists."
"st-lucie-county-divorce.html","county + situation page","D","High","Consolidate into parent page","Low-support county-situation page is too templated to justify standalone indexing outside priority markets."
"st-lucie-county-foreclosure.html","county + situation page","D","High","Consolidate into parent page","Low-support county-situation page is too templated to justify standalone indexing outside priority markets."
"st-lucie-county-inherited-property.html","county + situation page","D","High","Consolidate into parent page","Low-support county-situation page is too templated to justify standalone indexing outside priority markets."
"st-lucie-county-probate.html","county + situation page","D","High","Consolidate into parent page","Low-support county-situation page is too templated to justify standalone indexing outside priority markets."
"st-lucie-county-rental.html","county + situation page","D","High","Consolidate into parent page","Low-support county-situation page is too templated to justify standalone indexing outside priority markets."
"st-lucie-county-repairs.html","county + situation page","D","High","Consolidate into parent page","Low-support county-situation page is too templated to justify standalone indexing outside priority markets."
"st-lucie-county-urgent-sale.html","county + situation page","D","High","Consolidate into parent page","Low-support county-situation page is too templated to justify standalone indexing outside priority markets."
"st-lucie-county-vacant-home.html","county + situation page","D","High","Consolidate into parent page","Low-support county-situation page is too templated to justify standalone indexing outside priority markets."
"st-lucie-county.html","county page","A","Medium","Keep indexable now","County hub page is the strongest scalable local asset and can absorb weaker county-situation intent."
"st-petersburg-commercial-properties.html","city commercial page","D","High","Consolidate into parent page","Local commercial pages are secondary, thin, and better consolidated into the main commercial hub until deeper market-specific proof exists."
"st-petersburg.html","city page","A","Medium","Keep indexable now","City page targets strong local demand and supports the surrounding county structure."
"stop-foreclosure-fast-pembroke-pines-broward-county.html","blog page","C","High","Noindex, follow for now","Proof-style content depends on composite or unverifiable local claims and should not be used as an index signal."
"success-stories.html","blog page","C","High","Noindex, follow for now","Proof-style content depends on composite or unverifiable local claims and should not be used as an index signal."
"sumter-county-commercial-properties.html","county commercial page","D","High","Consolidate into parent page","Local commercial pages are secondary, thin, and better consolidated into the main commercial hub until deeper market-specific proof exists."
"sumter-county-divorce.html","county + situation page","D","High","Consolidate into parent page","Low-support county-situation page is too templated to justify standalone indexing outside priority markets."
"sumter-county-foreclosure.html","county + situation page","D","High","Consolidate into parent page","Low-support county-situation page is too templated to justify standalone indexing outside priority markets."
"sumter-county-inherited-property.html","county + situation page","D","High","Consolidate into parent page","Low-support county-situation page is too templated to justify standalone indexing outside priority markets."
"sumter-county-probate.html","county + situation page","D","High","Consolidate into parent page","Low-support county-situation page is too templated to justify standalone indexing outside priority markets."
"sumter-county-rental.html","county + situation page","D","High","Consolidate into parent page","Low-support county-situation page is too templated to justify standalone indexing outside priority markets."
"sumter-county-repairs.html","county + situation page","D","High","Consolidate into parent page","Low-support county-situation page is too templated to justify standalone indexing outside priority markets."
"sumter-county-urgent-sale.html","county + situation page","D","High","Consolidate into parent page","Low-support county-situation page is too templated to justify standalone indexing outside priority markets."
"sumter-county-vacant-home.html","county + situation page","D","High","Consolidate into parent page","Low-support county-situation page is too templated to justify standalone indexing outside priority markets."
"sumter-county.html","county page","A","Medium","Keep indexable now","County hub page is the strongest scalable local asset and can absorb weaker county-situation intent."
"suwannee-county-commercial-properties.html","county commercial page","D","High","Consolidate into parent page","Local commercial pages are secondary, thin, and better consolidated into the main commercial hub until deeper market-specific proof exists."
"suwannee-county-divorce.html","county + situation page","D","High","Consolidate into parent page","Low-support county-situation page is too templated to justify standalone indexing outside priority markets."
"suwannee-county-foreclosure.html","county + situation page","D","High","Consolidate into parent page","Low-support county-situation page is too templated to justify standalone indexing outside priority markets."
"suwannee-county-inherited-property.html","county + situation page","D","High","Consolidate into parent page","Low-support county-situation page is too templated to justify standalone indexing outside priority markets."
"suwannee-county-probate.html","county + situation page","D","High","Consolidate into parent page","Low-support county-situation page is too templated to justify standalone indexing outside priority markets."
"suwannee-county-rental.html","county + situation page","D","High","Consolidate into parent page","Low-support county-situation page is too templated to justify standalone indexing outside priority markets."
"suwannee-county-repairs.html","county + situation page","D","High","Consolidate into parent page","Low-support county-situation page is too templated to justify standalone indexing outside priority markets."
"suwannee-county-urgent-sale.html","county + situation page","D","High","Consolidate into parent page","Low-support county-situation page is too templated to justify standalone indexing outside priority markets."
"suwannee-county-vacant-home.html","county + situation page","D","High","Consolidate into parent page","Low-support county-situation page is too templated to justify standalone indexing outside priority markets."
"suwannee-county.html","county page","A","Medium","Keep indexable now","County hub page is the strongest scalable local asset and can absorb weaker county-situation intent."
"tallahassee-commercial-properties.html","city commercial page","D","High","Consolidate into parent page","Local commercial pages are secondary, thin, and better consolidated into the main commercial hub until deeper market-specific proof exists."
"tallahassee.html","city page","A","Medium","Keep indexable now","City page targets strong local demand and supports the surrounding county structure."
"tampa-commercial-properties.html","city commercial page","D","High","Consolidate into parent page","Local commercial pages are secondary, thin, and better consolidated into the main commercial hub until deeper market-specific proof exists."
"tampa.html","city page","A","Medium","Keep indexable now","City page targets strong local demand and supports the surrounding county structure."
"tax-lien-hardship-sale-guide.html","blog page","C","Medium","Noindex, follow for now","Support guide is currently under-supported and should stay out of the index until it earns stronger internal linking and editorial depth."
"taylor-county-commercial-properties.html","county commercial page","D","High","Consolidate into parent page","Local commercial pages are secondary, thin, and better consolidated into the main commercial hub until deeper market-specific proof exists."
"taylor-county-divorce.html","county + situation page","D","High","Consolidate into parent page","Low-support county-situation page is too templated to justify standalone indexing outside priority markets."
"taylor-county-foreclosure.html","county + situation page","D","High","Consolidate into parent page","Low-support county-situation page is too templated to justify standalone indexing outside priority markets."
"taylor-county-inherited-property.html","county + situation page","D","High","Consolidate into parent page","Low-support county-situation page is too templated to justify standalone indexing outside priority markets."
"taylor-county-probate.html","county + situation page","D","High","Consolidate into parent page","Low-support county-situation page is too templated to justify standalone indexing outside priority markets."
"taylor-county-rental.html","county + situation page","D","High","Consolidate into parent page","Low-support county-situation page is too templated to justify standalone indexing outside priority markets."
"taylor-county-repairs.html","county + situation page","D","High","Consolidate into parent page","Low-support county-situation page is too templated to justify standalone indexing outside priority markets."
"taylor-county-urgent-sale.html","county + situation page","D","High","Consolidate into parent page","Low-support county-situation page is too templated to justify standalone indexing outside priority markets."
"taylor-county-vacant-home.html","county + situation page","D","High","Consolidate into parent page","Low-support county-situation page is too templated to justify standalone indexing outside priority markets."
"taylor-county.html","county page","A","Medium","Keep indexable now","County hub page is the strongest scalable local asset and can absorb weaker county-situation intent."
"union-county-commercial-properties.html","county commercial page","D","High","Consolidate into parent page","Local commercial pages are secondary, thin, and better consolidated into the main commercial hub until deeper market-specific proof exists."
"union-county-divorce.html","county + situation page","D","High","Consolidate into parent page","Low-support county-situation page is too templated to justify standalone indexing outside priority markets."
"union-county-foreclosure.html","county + situation page","D","High","Consolidate into parent page","Low-support county-situation page is too templated to justify standalone indexing outside priority markets."
"union-county-inherited-property.html","county + situation page","D","High","Consolidate into parent page","Low-support county-situation page is too templated to justify standalone indexing outside priority markets."
"union-county-probate.html","county + situation page","D","High","Consolidate into parent page","Low-support county-situation page is too templated to justify standalone indexing outside priority markets."
"union-county-rental.html","county + situation page","D","High","Consolidate into parent page","Low-support county-situation page is too templated to justify standalone indexing outside priority markets."
"union-county-repairs.html","county + situation page","D","High","Consolidate into parent page","Low-support county-situation page is too templated to justify standalone indexing outside priority markets."
"union-county-urgent-sale.html","county + situation page","D","High","Consolidate into parent page","Low-support county-situation page is too templated to justify standalone indexing outside priority markets."
"union-county-vacant-home.html","county + situation page","D","High","Consolidate into parent page","Low-support county-situation page is too templated to justify standalone indexing outside priority markets."
"union-county.html","county page","A","Medium","Keep indexable now","County hub page is the strongest scalable local asset and can absorb weaker county-situation intent."
"unwanted-rental-counties.html","utility directory","C","High","Noindex, follow for now","Large county-plus-situation directory pages create crawl paths but are too thin and repetitive for indexing."
"unwanted-rental-story.html","testimonial / story page","C","High","Noindex, follow for now","Proof-style content depends on composite or unverifiable local claims and should not be used as an index signal."
"unwanted-rental.html","core service page","A","Medium","Keep indexable now","Strong statewide intent page that can support internal linking into local pages."
"urgent-timeline-counties.html","utility directory","C","High","Noindex, follow for now","Large county-plus-situation directory pages create crawl paths but are too thin and repetitive for indexing."
"urgent-timeline-story.html","testimonial / story page","C","High","Noindex, follow for now","Proof-style content depends on composite or unverifiable local claims and should not be used as an index signal."
"urgent-timeline.htm","utility redirect","C","High","Noindex, follow for now","Utility or test page that should stay out of the production index."
"urgent-timeline.html","core service page","A","Medium","Keep indexable now","Strong statewide intent page that can support internal linking into local pages."
"vacant-home-costs-counties.html","utility directory","C","High","Noindex, follow for now","Large county-plus-situation directory pages create crawl paths but are too thin and repetitive for indexing."
"vacant-home-costs-story.html","testimonial / story page","C","High","Noindex, follow for now","Proof-style content depends on composite or unverifiable local claims and should not be used as an index signal."
"vacant-home-costs.html","core service page","A","Medium","Keep indexable now","Strong statewide intent page that can support internal linking into local pages."
"video-tests.html","utility page","C","High","Noindex, follow for now","Utility or test page that should stay out of the production index."
"volusia-county-commercial-properties.html","county commercial page","D","High","Consolidate into parent page","Local commercial pages are secondary, thin, and better consolidated into the main commercial hub until deeper market-specific proof exists."
"volusia-county-divorce.html","county + situation page","D","High","Consolidate into parent page","Low-support county-situation page is too templated to justify standalone indexing outside priority markets."
"volusia-county-foreclosure.html","county + situation page","D","High","Consolidate into parent page","Low-support county-situation page is too templated to justify standalone indexing outside priority markets."
"volusia-county-inherited-property.html","county + situation page","A","Medium","Keep indexable now","Priority county-situation page tied to stronger markets and supported by county, city, and statewide hub links."
"volusia-county-probate.html","county + situation page","A","Medium","Keep indexable now","Priority county-situation page tied to stronger markets and supported by county, city, and statewide hub links."
"volusia-county-rental.html","county + situation page","D","High","Consolidate into parent page","Low-support county-situation page is too templated to justify standalone indexing outside priority markets."
"volusia-county-repairs.html","county + situation page","A","Medium","Keep indexable now","Priority county-situation page tied to stronger markets and supported by county, city, and statewide hub links."
"volusia-county-urgent-sale.html","county + situation page","A","Medium","Keep indexable now","Priority county-situation page tied to stronger markets and supported by county, city, and statewide hub links."
"volusia-county-vacant-home.html","county + situation page","A","Medium","Keep indexable now","Priority county-situation page tied to stronger markets and supported by county, city, and statewide hub links."
"volusia-county.html","county page","A","Medium","Keep indexable now","County hub page is the strongest scalable local asset and can absorb weaker county-situation intent."
"wakulla-county-commercial-properties.html","county commercial page","D","High","Consolidate into parent page","Local commercial pages are secondary, thin, and better consolidated into the main commercial hub until deeper market-specific proof exists."
"wakulla-county-divorce.html","county + situation page","D","High","Consolidate into parent page","Low-support county-situation page is too templated to justify standalone indexing outside priority markets."
"wakulla-county-foreclosure.html","county + situation page","D","High","Consolidate into parent page","Low-support county-situation page is too templated to justify standalone indexing outside priority markets."
"wakulla-county-inherited-property.html","county + situation page","D","High","Consolidate into parent page","Low-support county-situation page is too templated to justify standalone indexing outside priority markets."
"wakulla-county-probate.html","county + situation page","D","High","Consolidate into parent page","Low-support county-situation page is too templated to justify standalone indexing outside priority markets."
"wakulla-county-rental.html","county + situation page","D","High","Consolidate into parent page","Low-support county-situation page is too templated to justify standalone indexing outside priority markets."
"wakulla-county-repairs.html","county + situation page","D","High","Consolidate into parent page","Low-support county-situation page is too templated to justify standalone indexing outside priority markets."
"wakulla-county-urgent-sale.html","county + situation page","D","High","Consolidate into parent page","Low-support county-situation page is too templated to justify standalone indexing outside priority markets."
"wakulla-county-vacant-home.html","county + situation page","D","High","Consolidate into parent page","Low-support county-situation page is too templated to justify standalone indexing outside priority markets."
"wakulla-county.html","county page","A","Medium","Keep indexable now","County hub page is the strongest scalable local asset and can absorb weaker county-situation intent."
"walton-county-commercial-properties.html","county commercial page","D","High","Consolidate into parent page","Local commercial pages are secondary, thin, and better consolidated into the main commercial hub until deeper market-specific proof exists."
"walton-county-divorce.html","county + situation page","D","High","Consolidate into parent page","Low-support county-situation page is too templated to justify standalone indexing outside priority markets."
"walton-county-foreclosure.html","county + situation page","D","High","Consolidate into parent page","Low-support county-situation page is too templated to justify standalone indexing outside priority markets."
"walton-county-inherited-property.html","county + situation page","D","High","Consolidate into parent page","Low-support county-situation page is too templated to justify standalone indexing outside priority markets."
"walton-county-probate.html","county + situation page","D","High","Consolidate into parent page","Low-support county-situation page is too templated to justify standalone indexing outside priority markets."
"walton-county-rental.html","county + situation page","D","High","Consolidate into parent page","Low-support county-situation page is too templated to justify standalone indexing outside priority markets."
"walton-county-repairs.html","county + situation page","D","High","Consolidate into parent page","Low-support county-situation page is too templated to justify standalone indexing outside priority markets."
"walton-county-urgent-sale.html","county + situation page","D","High","Consolidate into parent page","Low-support county-situation page is too templated to justify standalone indexing outside priority markets."
"walton-county-vacant-home.html","county + situation page","D","High","Consolidate into parent page","Low-support county-situation page is too templated to justify standalone indexing outside priority markets."
"walton-county.html","county page","A","Medium","Keep indexable now","County hub page is the strongest scalable local asset and can absorb weaker county-situation intent."
"washington-county-commercial-properties.html","county commercial page","D","High","Consolidate into parent page","Local commercial pages are secondary, thin, and better consolidated into the main commercial hub until deeper market-specific proof exists."
"washington-county-divorce.html","county + situation page","D","High","Consolidate into parent page","Low-support county-situation page is too templated to justify standalone indexing outside priority markets."
"washington-county-foreclosure.html","county + situation page","D","High","Consolidate into parent page","Low-support county-situation page is too templated to justify standalone indexing outside priority markets."
"washington-county-inherited-property.html","county + situation page","D","High","Consolidate into parent page","Low-support county-situation page is too templated to justify standalone indexing outside priority markets."
"washington-county-probate.html","county + situation page","D","High","Consolidate into parent page","Low-support county-situation page is too templated to justify standalone indexing outside priority markets."
"washington-county-rental.html","county + situation page","D","High","Consolidate into parent page","Low-support county-situation page is too templated to justify standalone indexing outside priority markets."
"washington-county-repairs.html","county + situation page","D","High","Consolidate into parent page","Low-support county-situation page is too templated to justify standalone indexing outside priority markets."
"washington-county-urgent-sale.html","county + situation page","D","High","Consolidate into parent page","Low-support county-situation page is too templated to justify standalone indexing outside priority markets."
"washington-county-vacant-home.html","county + situation page","D","High","Consolidate into parent page","Low-support county-situation page is too templated to justify standalone indexing outside priority markets."
"washington-county.html","county page","A","Medium","Keep indexable now","County hub page is the strongest scalable local asset and can absorb weaker county-situation intent."
"we-buy-commercial-properties.html","core service page","A","Low","Keep indexable now","Core conversion or discovery page with clear statewide business relevance."
"west-palm-beach-commercial-properties.html","city commercial page","D","High","Consolidate into parent page","Local commercial pages are secondary, thin, and better consolidated into the main commercial hub until deeper market-specific proof exists."
"west-palm-beach.html","city page","A","Medium","Keep indexable now","City page targets strong local demand and supports the surrounding county structure."